-- MySQL dump 10.13  Distrib 5.6.21, for Win32 (x86)
--
-- Host: localhost    Database: kotakwar_ozlms
-- ------------------------------------------------------
-- Server version	5.6.21

/*!40101 SET @OLD_CHARACTER_SET_CLIENT=@@CHARACTER_SET_CLIENT */;
/*!40101 SET @OLD_CHARACTER_SET_RESULTS=@@CHARACTER_SET_RESULTS */;
/*!40101 SET @OLD_COLLATION_CONNECTION=@@COLLATION_CONNECTION */;
/*!40101 SET NAMES utf8 */;
/*!40103 SET @OLD_TIME_ZONE=@@TIME_ZONE */;
/*!40103 SET TIME_ZONE='+00:00' */;
/*!40014 SET @OLD_UNIQUE_CHECKS=@@UNIQUE_CHECKS, UNIQUE_CHECKS=0 */;
/*!40014 SET @OLD_FOREIGN_KEY_CHECKS=@@FOREIGN_KEY_CHECKS, FOREIGN_KEY_CHECKS=0 */;
/*!40101 SET @OLD_SQL_MODE=@@SQL_MODE, SQL_MODE='NO_AUTO_VALUE_ON_ZERO' */;
/*!40111 SET @OLD_SQL_NOTES=@@SQL_NOTES, SQL_NOTES=0 */;

--
-- Table structure for table `tbl_cash`
--

DROP TABLE IF EXISTS `tbl_cash`;
/*!40101 SET @saved_cs_client     = @@character_set_client */;
/*!40101 SET character_set_client = utf8 */;
CREATE TABLE `tbl_cash` (
  `cash_id` int(255) NOT NULL AUTO_INCREMENT,
  `cash_date` date NOT NULL,
  `cash_remark` text,
  `cash_flow` varchar(5) DEFAULT NULL,
  `cash_total` int(11) NOT NULL DEFAULT '0',
  `cash_status` int(11) NOT NULL DEFAULT '1',
  `cash_reference` varchar(50) DEFAULT NULL,
  `deleted` int(1) NOT NULL DEFAULT '0',
  `created_by` int(255) DEFAULT NULL,
  `modified_by` int(255) DEFAULT NULL,
  `created_on` datetime DEFAULT NULL,
  `modified_on` timestamp NOT NULL DEFAULT CURRENT_TIMESTAMP ON UPDATE CURRENT_TIMESTAMP,
  PRIMARY KEY (`cash_id`)
) ENGINE=InnoDB AUTO_INCREMENT=7 DEFAULT CHARSET=latin1;
/*!40101 SET character_set_client = @saved_cs_client */;

--
-- Dumping data for table `tbl_cash`
--

LOCK TABLES `tbl_cash` WRITE;
/*!40000 ALTER TABLE `tbl_cash` DISABLE KEYS */;
INSERT INTO `tbl_cash` VALUES (1,'2015-04-08','Pendaftaran Pelajar a.n Kamil','in',1000000,1,'REG-12345',0,NULL,NULL,'2015-04-30 19:08:39','2015-04-30 12:25:15'),(2,'2015-04-24','Pembelian Papan Tulis','out',200000,1,'OUT-76352',0,NULL,NULL,'2015-04-30 19:12:22','2015-04-30 12:24:57'),(3,'2015-04-27','Pendaftaran Pelajar a.n Fikri Wirawan','in',500000,1,'REG-20846',0,NULL,NULL,'2015-04-30 19:15:47','2015-04-30 12:24:48'),(4,'2015-04-21','Pendaftaran Pelajar a.n Milo','in',1350000,1,'REG-48463',0,NULL,NULL,'2015-04-30 19:22:21','2015-04-30 12:25:06'),(5,'2015-04-09','Pembayaran Internet Speedy','out',300000,1,'SPD-87438',0,NULL,NULL,'2015-04-30 19:26:26','2015-04-30 12:26:39'),(6,'2015-04-08','Pembayaran Ke-1 Materi Bimbel SLTA','out',5000000,1,'REG-MAT-SLTA-1',0,NULL,NULL,'2015-05-01 09:51:41','2015-05-01 02:52:29');
/*!40000 ALTER TABLE `tbl_cash` ENABLE KEYS */;
UNLOCK TABLES;

--
-- Table structure for table `tbl_city`
--

DROP TABLE IF EXISTS `tbl_city`;
/*!40101 SET @saved_cs_client     = @@character_set_client */;
/*!40101 SET character_set_client = utf8 */;
CREATE TABLE `tbl_city` (
  `city_id` int(255) NOT NULL AUTO_INCREMENT,
  `city_province_id` int(255) NOT NULL,
  `city_name` varchar(255) NOT NULL,
  `city_type` varchar(15) DEFAULT NULL,
  `city_zipcode` varchar(5) DEFAULT NULL,
  `deleted` int(1) NOT NULL DEFAULT '0',
  `created_by` int(255) DEFAULT NULL,
  `modified_by` int(255) DEFAULT NULL,
  `created_on` datetime DEFAULT NULL,
  `modified_on` timestamp NOT NULL DEFAULT CURRENT_TIMESTAMP ON UPDATE CURRENT_TIMESTAMP,
  PRIMARY KEY (`city_id`)
) ENGINE=InnoDB AUTO_INCREMENT=509 DEFAULT CHARSET=latin1;
/*!40101 SET character_set_client = @saved_cs_client */;

--
-- Dumping data for table `tbl_city`
--

LOCK TABLES `tbl_city` WRITE;
/*!40000 ALTER TABLE `tbl_city` DISABLE KEYS */;
INSERT INTO `tbl_city` VALUES (1,21,'Aceh Barat','Kabupaten','23600',0,1,1,'2015-02-07 00:00:00','2015-02-07 12:49:12'),(2,21,'Aceh Barat Daya','Kabupaten','23700',0,1,1,'2015-02-07 00:00:00','2015-02-06 17:00:00'),(3,21,'Aceh Besar','Kabupaten','23000',0,1,1,'2015-02-07 00:00:00','2015-02-06 17:00:00'),(4,21,'Aceh Jaya','Kabupaten','23600',0,1,1,'2015-02-07 00:00:00','2015-02-06 17:00:00'),(5,21,'Aceh Selatan','Kabupaten','23700',0,1,1,'2015-02-07 00:00:00','2015-02-06 17:00:00'),(6,21,'Aceh Singkil','Kabupaten','24700',0,1,1,'2015-02-07 00:00:00','2015-02-06 17:00:00'),(7,21,'Aceh Tamiang','Kabupaten','24400',0,1,1,'2015-02-07 00:00:00','2015-02-06 17:00:00'),(8,21,'Aceh Tengah','Kabupaten','24500',0,1,1,'2015-02-07 00:00:00','2015-02-06 17:00:00'),(9,21,'Aceh Tenggara','Kabupaten','24600',0,1,1,'2015-02-07 00:00:00','2015-02-06 17:00:00'),(10,21,'Aceh Timur','Kabupaten','24400',0,1,1,'2015-02-07 00:00:00','2015-02-06 17:00:00'),(11,21,'Aceh Utara','Kabupaten','24300',0,1,1,'2015-02-07 00:00:00','2015-02-06 17:00:00'),(12,32,'Agam','Kabupaten','26000',0,1,1,'2015-02-07 00:00:00','2015-02-06 17:00:00'),(13,23,'Alor','Kabupaten','85800',0,1,1,'2015-02-07 00:00:00','2015-02-06 17:00:00'),(14,19,'Ambon','Kota','97000',0,1,1,'2015-02-07 00:00:00','2015-02-06 17:00:00'),(15,34,'Asahan','Kabupaten','21000',0,1,1,'2015-02-07 00:00:00','2015-02-06 17:00:00'),(16,24,'Asmat','Kabupaten','99700',0,1,1,'2015-02-07 00:00:00','2015-02-06 17:00:00'),(17,1,'Badung','Kabupaten','80361',0,1,1,'2015-02-07 00:00:00','2015-02-06 17:00:00'),(18,13,'Balangan','Kabupaten','71400',0,1,1,'2015-02-07 00:00:00','2015-02-06 17:00:00'),(19,15,'Balikpapan','Kota','76100',0,1,1,'2015-02-07 00:00:00','2015-02-06 17:00:00'),(20,21,'Banda Aceh','Kota','23000',0,1,1,'2015-02-07 00:00:00','2015-02-06 17:00:00'),(21,18,'Bandar Lampung','Kota','35000',0,1,1,'2015-02-07 00:00:00','2015-02-06 17:00:00'),(22,9,'Kab Bandung','Kabupaten','40000',0,1,1,'2015-02-07 00:00:00','2015-03-22 02:46:46'),(23,9,'Bandung','Kota','40000',0,1,1,'2015-02-07 00:00:00','2015-02-06 17:00:00'),(24,9,'Bandung Barat','Kabupaten','40000',0,1,1,'2015-02-07 00:00:00','2015-03-22 02:47:31'),(25,29,'Banggai','Kabupaten','94791',0,1,1,'2015-02-07 00:00:00','2015-02-06 17:00:00'),(26,29,'Banggai Kepulauan','Kabupaten','94791',0,1,1,'2015-02-07 00:00:00','2015-02-06 17:00:00'),(27,2,'Bangka','Kabupaten','33200',0,1,1,'2015-02-07 00:00:00','2015-02-06 17:00:00'),(28,2,'Bangka Barat','Kabupaten','33300',0,1,1,'2015-02-07 00:00:00','2015-02-06 17:00:00'),(29,2,'Bangka Selatan','Kabupaten','33700',0,1,1,'2015-02-07 00:00:00','2015-02-06 17:00:00'),(30,2,'Bangka Tengah','Kabupaten','33600',0,1,1,'2015-02-07 00:00:00','2015-02-06 17:00:00'),(31,11,'Bangkalan','Kabupaten','69100',0,1,1,'2015-02-07 00:00:00','2015-02-06 17:00:00'),(32,1,'Bangli','Kabupaten','80600',0,1,1,'2015-02-07 00:00:00','2015-02-06 17:00:00'),(33,13,'Banjar','Kabupaten','70600',0,1,1,'2015-02-07 00:00:00','2015-02-06 17:00:00'),(34,9,'Banjar','Kota','46300',0,1,1,'2015-02-07 00:00:00','2015-02-06 17:00:00'),(35,13,'Banjarbaru','Kota','70700',0,1,1,'2015-02-07 00:00:00','2015-02-06 17:00:00'),(36,13,'Banjarmasin','Kota','70000',0,1,1,'2015-02-07 00:00:00','2015-02-06 17:00:00'),(37,10,'Banjarnegara','Kabupaten','53400',0,1,1,'2015-02-07 00:00:00','2015-02-06 17:00:00'),(38,28,'Bantaeng','Kabupaten','92400',0,1,1,'2015-02-07 00:00:00','2015-02-06 17:00:00'),(39,5,'Bantul','Kabupaten','55700',0,1,1,'2015-02-07 00:00:00','2015-02-06 17:00:00'),(40,33,'Banyuasin','Kabupaten','30758',0,1,1,'2015-02-07 00:00:00','2015-02-06 17:00:00'),(41,10,'Banyumas','Kabupaten','53100',0,1,1,'2015-02-07 00:00:00','2015-02-06 17:00:00'),(42,11,'Banyuwangi','Kabupaten','68400',0,1,1,'2015-02-07 00:00:00','2015-02-06 17:00:00'),(43,13,'Barito Kuala','Kabupaten','70500',0,1,1,'2015-02-07 00:00:00','2015-02-06 17:00:00'),(44,14,'Barito Selatan','Kabupaten','73700',0,1,1,'2015-02-07 00:00:00','2015-02-06 17:00:00'),(45,14,'Barito Timur','Kabupaten','73600',0,1,1,'2015-02-07 00:00:00','2015-02-06 17:00:00'),(46,14,'Barito Utara','Kabupaten','73800',0,1,1,'2015-02-07 00:00:00','2015-02-06 17:00:00'),(47,28,'Barru','Kabupaten','90700',0,1,1,'2015-02-07 00:00:00','2015-02-06 17:00:00'),(48,17,'Batam','Kota','29400',0,1,1,'2015-02-07 00:00:00','2015-02-06 17:00:00'),(49,10,'Batang','Kabupaten','51200',0,1,1,'2015-02-07 00:00:00','2015-02-06 17:00:00'),(50,8,'Batang Hari','Kabupaten','36600',0,1,1,'2015-02-07 00:00:00','2015-02-06 17:00:00'),(51,11,'Batu','Kota','65311',0,1,1,'2015-02-07 00:00:00','2015-02-06 17:00:00'),(52,34,'Batu Bara','Kabupaten','21200',0,1,1,'2015-02-07 00:00:00','2015-02-06 17:00:00'),(53,30,'Bau-Bau','Kota','93700',0,1,1,'2015-02-07 00:00:00','2015-02-06 17:00:00'),(54,9,'Bekasi','Kabupaten','17000',0,1,1,'2015-02-07 00:00:00','2015-02-06 17:00:00'),(55,9,'Bekasi','Kota','17000',0,1,1,'2015-02-07 00:00:00','2015-02-06 17:00:00'),(56,2,'Belitung','Kabupaten','33400',0,1,1,'2015-02-07 00:00:00','2015-02-06 17:00:00'),(57,2,'Belitung Timur','Kabupaten','33400',0,1,1,'2015-02-07 00:00:00','2015-02-06 17:00:00'),(58,23,'Belu','Kabupaten','85700',0,1,1,'2015-02-07 00:00:00','2015-02-06 17:00:00'),(59,21,'Bener Meriah','Kabupaten','24500',0,1,1,'2015-02-07 00:00:00','2015-02-06 17:00:00'),(60,26,'Bengkalis','Kabupaten','28700',0,1,1,'2015-02-07 00:00:00','2015-02-06 17:00:00'),(61,12,'Bengkayang','Kabupaten','79200',0,1,1,'2015-02-07 00:00:00','2015-02-06 17:00:00'),(62,4,'Bengkulu','Kota','38000',0,1,1,'2015-02-07 00:00:00','2015-02-06 17:00:00'),(63,4,'Bengkulu Selatan','Kabupaten','38500',0,1,1,'2015-02-07 00:00:00','2015-02-06 17:00:00'),(64,4,'Bengkulu Tengah','Kabupaten','38000',0,1,1,'2015-02-07 00:00:00','2015-02-06 17:00:00'),(65,4,'Bengkulu Utara','Kabupaten','38600',0,1,1,'2015-02-07 00:00:00','2015-02-06 17:00:00'),(66,15,'Berau','Kabupaten','77300',0,1,1,'2015-02-07 00:00:00','2015-02-06 17:00:00'),(67,24,'Biak Numfor','Kabupaten','98100',0,1,1,'2015-02-07 00:00:00','2015-02-06 17:00:00'),(68,22,'Bima','Kabupaten','84100',0,1,1,'2015-02-07 00:00:00','2015-02-06 17:00:00'),(69,22,'Bima','Kota','84100',0,1,1,'2015-02-07 00:00:00','2015-02-06 17:00:00'),(70,34,'Binjai','Kota','20700',0,1,1,'2015-02-07 00:00:00','2015-02-06 17:00:00'),(71,17,'Bintan','Kabupaten','29100',0,1,1,'2015-02-07 00:00:00','2015-02-06 17:00:00'),(72,21,'Bireuen','Kabupaten','24200',0,1,1,'2015-02-07 00:00:00','2015-02-06 17:00:00'),(73,31,'Bitung','Kota','95500',0,1,1,'2015-02-07 00:00:00','2015-02-06 17:00:00'),(74,11,'Blitar','Kabupaten','66100',0,1,1,'2015-02-07 00:00:00','2015-02-06 17:00:00'),(75,11,'Blitar','Kota','66100',0,1,1,'2015-02-07 00:00:00','2015-02-06 17:00:00'),(76,10,'Blora','Kabupaten','58200',0,1,1,'2015-02-07 00:00:00','2015-02-06 17:00:00'),(77,7,'Boalemo','Kabupaten','96200',0,1,1,'2015-02-07 00:00:00','2015-02-06 17:00:00'),(78,9,'Bogor','Kabupaten','16000',0,1,1,'2015-02-07 00:00:00','2015-02-06 17:00:00'),(79,9,'Bogor','Kota','16000',0,1,1,'2015-02-07 00:00:00','2015-02-06 17:00:00'),(80,11,'Bojonegoro','Kabupaten','62100',0,1,1,'2015-02-07 00:00:00','2015-02-06 17:00:00'),(81,31,'Bolaang Mongondow (Bolmong)','Kabupaten','95700',0,1,1,'2015-02-07 00:00:00','2015-02-06 17:00:00'),(82,31,'Bolaang Mongondow Selatan','Kabupaten','95700',0,1,1,'2015-02-07 00:00:00','2015-02-06 17:00:00'),(83,31,'Bolaang Mongondow Timur','Kabupaten','95700',0,1,1,'2015-02-07 00:00:00','2015-02-06 17:00:00'),(84,31,'Bolaang Mongondow Utara','Kabupaten','95700',0,1,1,'2015-02-07 00:00:00','2015-02-06 17:00:00'),(85,30,'Bombana','Kabupaten','93700',0,1,1,'2015-02-07 00:00:00','2015-02-06 17:00:00'),(86,11,'Bondowoso','Kabupaten','68200',0,1,1,'2015-02-07 00:00:00','2015-02-06 17:00:00'),(87,28,'Bone','Kabupaten','92552',0,1,1,'2015-02-07 00:00:00','2015-02-06 17:00:00'),(88,7,'Bone Bolango','Kabupaten','96184',0,1,1,'2015-02-07 00:00:00','2015-02-06 17:00:00'),(89,15,'Bontang','Kota','75300',0,1,1,'2015-02-07 00:00:00','2015-02-06 17:00:00'),(90,24,'Boven Digoel','Kabupaten','99600',0,1,1,'2015-02-07 00:00:00','2015-02-06 17:00:00'),(91,10,'Boyolali','Kabupaten','57300',0,1,1,'2015-02-07 00:00:00','2015-02-06 17:00:00'),(92,10,'Brebes','Kabupaten','52200',0,1,1,'2015-02-07 00:00:00','2015-02-06 17:00:00'),(93,32,'Bukittinggi','Kota','26100',0,1,1,'2015-02-07 00:00:00','2015-02-06 17:00:00'),(94,1,'Buleleng','Kabupaten','81100',0,1,1,'2015-02-07 00:00:00','2015-02-06 17:00:00'),(95,28,'Bulukumba','Kabupaten','92500',0,1,1,'2015-02-07 00:00:00','2015-02-06 17:00:00'),(96,16,'Bulungan (Bulongan)','Kabupaten','77200',0,1,1,'2015-02-07 00:00:00','2015-02-06 17:00:00'),(97,8,'Bungo','Kabupaten','37200',0,1,1,'2015-02-07 00:00:00','2015-02-06 17:00:00'),(98,29,'Buol','Kabupaten','94500',0,1,1,'2015-02-07 00:00:00','2015-02-06 17:00:00'),(99,19,'Buru','Kabupaten','97500',0,1,1,'2015-02-07 00:00:00','2015-02-06 17:00:00'),(100,19,'Buru Selatan','Kabupaten','97500',0,1,1,'2015-02-07 00:00:00','2015-02-06 17:00:00'),(101,30,'Buton','Kabupaten','93700',0,1,1,'2015-02-07 00:00:00','2015-02-06 17:00:00'),(102,30,'Buton Utara','Kabupaten','93600',0,1,1,'2015-02-07 00:00:00','2015-02-06 17:00:00'),(103,9,'Ciamis','Kabupaten','46200',0,1,1,'2015-02-07 00:00:00','2015-02-06 17:00:00'),(104,9,'Cianjur','Kabupaten','43200',0,1,1,'2015-02-07 00:00:00','2015-02-06 17:00:00'),(105,10,'Cilacap','Kabupaten','53200',0,1,1,'2015-02-07 00:00:00','2015-02-06 17:00:00'),(106,3,'Cilegon','Kota','42400',0,1,1,'2015-02-07 00:00:00','2015-02-06 17:00:00'),(107,9,'Cimahi','Kota','40500',0,1,1,'2015-02-07 00:00:00','2015-02-06 17:00:00'),(108,9,'Cirebon','Kabupaten','45100',0,1,1,'2015-02-07 00:00:00','2015-02-06 17:00:00'),(109,9,'Cirebon','Kota','45100',0,1,1,'2015-02-07 00:00:00','2015-02-06 17:00:00'),(110,34,'Dairi','Kabupaten','22200',0,1,1,'2015-02-07 00:00:00','2015-02-06 17:00:00'),(111,24,'Deiyai (Deliyai)','Kabupaten','98700',0,1,1,'2015-02-07 00:00:00','2015-02-06 17:00:00'),(112,34,'Deli Serdang','Kabupaten','20500',0,1,1,'2015-02-07 00:00:00','2015-02-06 17:00:00'),(113,10,'Demak','Kabupaten','59500',0,1,1,'2015-02-07 00:00:00','2015-02-06 17:00:00'),(114,1,'Denpasar','Kota','80000',0,1,1,'2015-02-07 00:00:00','2015-02-06 17:00:00'),(115,9,'Depok','Kota','16400',0,1,1,'2015-02-07 00:00:00','2015-02-06 17:00:00'),(116,32,'Dharmasraya','Kabupaten','27600',0,1,1,'2015-02-07 00:00:00','2015-02-06 17:00:00'),(117,24,'Dogiyai','Kabupaten','98800',0,1,1,'2015-02-07 00:00:00','2015-02-06 17:00:00'),(118,22,'Dompu','Kabupaten','84200',0,1,1,'2015-02-07 00:00:00','2015-02-06 17:00:00'),(119,29,'Donggala','Kabupaten','94351',0,1,1,'2015-02-07 00:00:00','2015-02-06 17:00:00'),(120,26,'Dumai','Kota','28800',0,1,1,'2015-02-07 00:00:00','2015-02-06 17:00:00'),(121,33,'Empat Lawang','Kabupaten','31500',0,1,1,'2015-02-07 00:00:00','2015-02-06 17:00:00'),(122,23,'Ende','Kabupaten','86300',0,1,1,'2015-02-07 00:00:00','2015-02-06 17:00:00'),(123,28,'Enrekang','Kabupaten','91700',0,1,1,'2015-02-07 00:00:00','2015-02-06 17:00:00'),(124,25,'Fakfak','Kabupaten','98600',0,1,1,'2015-02-07 00:00:00','2015-02-06 17:00:00'),(125,23,'Flores Timur','Kabupaten','86200',0,1,1,'2015-02-07 00:00:00','2015-02-06 17:00:00'),(126,9,'Garut','Kabupaten','44100',0,1,1,'2015-02-07 00:00:00','2015-02-06 17:00:00'),(127,21,'Gayo Lues','Kabupaten','24600',0,1,1,'2015-02-07 00:00:00','2015-02-06 17:00:00'),(128,1,'Gianyar','Kabupaten','80500',0,1,1,'2015-02-07 00:00:00','2015-02-06 17:00:00'),(129,7,'Gorontalo','Kabupaten','96100',0,1,1,'2015-02-07 00:00:00','2015-02-06 17:00:00'),(130,7,'Gorontalo','Kota','96100',0,1,1,'2015-02-07 00:00:00','2015-02-06 17:00:00'),(131,7,'Gorontalo Utara','Kabupaten','96100',0,1,1,'2015-02-07 00:00:00','2015-02-06 17:00:00'),(132,28,'Gowa','Kabupaten','92100',0,1,1,'2015-02-07 00:00:00','2015-02-06 17:00:00'),(133,11,'Gresik','Kabupaten','61100',0,1,1,'2015-02-07 00:00:00','2015-02-06 17:00:00'),(134,10,'Grobogan','Kabupaten','58152',0,1,1,'2015-02-07 00:00:00','2015-02-06 17:00:00'),(135,5,'Gunung Kidul','Kabupaten','55800',0,1,1,'2015-02-07 00:00:00','2015-02-06 17:00:00'),(136,14,'Gunung Mas','Kabupaten','74500',0,1,1,'2015-02-07 00:00:00','2015-02-06 17:00:00'),(137,34,'Gunungsitoli','Kota','22800',0,1,1,'2015-02-07 00:00:00','2015-02-06 17:00:00'),(138,20,'Halmahera Barat','Kabupaten','97700',0,1,1,'2015-02-07 00:00:00','2015-02-06 17:00:00'),(139,20,'Halmahera Selatan','Kabupaten','97700',0,1,1,'2015-02-07 00:00:00','2015-02-06 17:00:00'),(140,20,'Halmahera Tengah','Kabupaten','97800',0,1,1,'2015-02-07 00:00:00','2015-02-06 17:00:00'),(141,20,'Halmahera Timur','Kabupaten','97800',0,1,1,'2015-02-07 00:00:00','2015-02-06 17:00:00'),(142,20,'Halmahera Utara','Kabupaten','97700',0,1,1,'2015-02-07 00:00:00','2015-02-06 17:00:00'),(143,13,'Hulu Sungai Selatan','Kabupaten','71200',0,1,1,'2015-02-07 00:00:00','2015-02-06 17:00:00'),(144,13,'Hulu Sungai Tengah','Kabupaten','71300',0,1,1,'2015-02-07 00:00:00','2015-02-06 17:00:00'),(145,13,'Hulu Sungai Utara','Kabupaten','71400',0,1,1,'2015-02-07 00:00:00','2015-02-06 17:00:00'),(146,34,'Humbang Hasundutan','Kabupaten','22400',0,1,1,'2015-02-07 00:00:00','2015-02-06 17:00:00'),(147,26,'Indragiri Hilir','Kabupaten','29200',0,1,1,'2015-02-07 00:00:00','2015-02-06 17:00:00'),(148,26,'Indragiri Hulu','Kabupaten','29300',0,1,1,'2015-02-07 00:00:00','2015-02-06 17:00:00'),(149,9,'Indramayu','Kabupaten','45200',0,1,1,'2015-02-07 00:00:00','2015-02-06 17:00:00'),(150,24,'Intan Jaya','Kabupaten','98700',0,1,1,'2015-02-07 00:00:00','2015-02-06 17:00:00'),(151,6,'Jakarta Barat','Kota','11000',0,1,1,'2015-02-07 00:00:00','2015-02-06 17:00:00'),(152,6,'Jakarta Pusat','Kota','10000',0,1,1,'2015-02-07 00:00:00','2015-02-06 17:00:00'),(153,6,'Jakarta Selatan','Kota','12000',0,1,1,'2015-02-07 00:00:00','2015-02-06 17:00:00'),(154,6,'Jakarta Timur','Kota','13000',0,1,1,'2015-02-07 00:00:00','2015-02-06 17:00:00'),(155,6,'Jakarta Utara','Kota','14000',0,1,1,'2015-02-07 00:00:00','2015-02-06 17:00:00'),(156,8,'Jambi','Kota','36000',0,1,1,'2015-02-07 00:00:00','2015-02-06 17:00:00'),(157,24,'Jayapura','Kabupaten','99000',0,1,1,'2015-02-07 00:00:00','2015-02-06 17:00:00'),(158,24,'Jayapura','Kota','99000',0,1,1,'2015-02-07 00:00:00','2015-02-06 17:00:00'),(159,24,'Jayawijaya','Kabupaten','99500',0,1,1,'2015-02-07 00:00:00','2015-02-06 17:00:00'),(160,11,'Jember','Kabupaten','68100',0,1,1,'2015-02-07 00:00:00','2015-02-06 17:00:00'),(161,1,'Jembrana','Kabupaten','82200',0,1,1,'2015-02-07 00:00:00','2015-02-06 17:00:00'),(162,28,'Jeneponto','Kabupaten','92300',0,1,1,'2015-02-07 00:00:00','2015-02-06 17:00:00'),(163,10,'Jepara','Kabupaten','59400',0,1,1,'2015-02-07 00:00:00','2015-02-06 17:00:00'),(164,11,'Jombang','Kabupaten','61400',0,1,1,'2015-02-07 00:00:00','2015-02-06 17:00:00'),(165,25,'Kaimana','Kabupaten','98654',0,1,1,'2015-02-07 00:00:00','2015-02-06 17:00:00'),(166,26,'Kampar','Kabupaten','28400',0,1,1,'2015-02-07 00:00:00','2015-02-06 17:00:00'),(167,14,'Kapuas','Kabupaten','73500',0,1,1,'2015-02-07 00:00:00','2015-02-06 17:00:00'),(168,12,'Kapuas Hulu','Kabupaten','78700',0,1,1,'2015-02-07 00:00:00','2015-02-06 17:00:00'),(169,10,'Karanganyar','Kabupaten','57700',0,1,1,'2015-02-07 00:00:00','2015-02-06 17:00:00'),(170,1,'Karangasem','Kabupaten','80800',0,1,1,'2015-02-07 00:00:00','2015-02-06 17:00:00'),(171,9,'Karawang','Kabupaten','41300',0,1,1,'2015-02-07 00:00:00','2015-02-06 17:00:00'),(172,17,'Karimun','Kabupaten','29600',0,1,1,'2015-02-07 00:00:00','2015-02-06 17:00:00'),(173,34,'Karo','Kabupaten','22100',0,1,1,'2015-02-07 00:00:00','2015-02-06 17:00:00'),(174,14,'Katingan','Kabupaten','74400',0,1,1,'2015-02-07 00:00:00','2015-02-06 17:00:00'),(175,4,'Kaur','Kabupaten','38000',0,1,1,'2015-02-07 00:00:00','2015-02-06 17:00:00'),(176,12,'Kayong Utara','Kabupaten','78800',0,1,1,'2015-02-07 00:00:00','2015-02-06 17:00:00'),(177,10,'Kebumen','Kabupaten','54300',0,1,1,'2015-02-07 00:00:00','2015-02-06 17:00:00'),(178,11,'Kediri','Kabupaten','64100',0,1,1,'2015-02-07 00:00:00','2015-02-06 17:00:00'),(179,11,'Kediri','Kota','64100',0,1,1,'2015-02-07 00:00:00','2015-02-06 17:00:00'),(180,24,'Keerom','Kabupaten','99000',0,1,1,'2015-02-07 00:00:00','2015-02-06 17:00:00'),(181,10,'Kendal','Kabupaten','51300',0,1,1,'2015-02-07 00:00:00','2015-02-06 17:00:00'),(182,30,'Kendari','Kota','93000',0,1,1,'2015-02-07 00:00:00','2015-02-06 17:00:00'),(183,4,'Kepahiang','Kabupaten','39172',0,1,1,'2015-02-07 00:00:00','2015-02-06 17:00:00'),(184,17,'Kepulauan Anambas','Kabupaten','29700',0,1,1,'2015-02-07 00:00:00','2015-02-06 17:00:00'),(185,19,'Kepulauan Aru','Kabupaten','97600',0,1,1,'2015-02-07 00:00:00','2015-02-06 17:00:00'),(186,32,'Kepulauan Mentawai','Kabupaten','25391',0,1,1,'2015-02-07 00:00:00','2015-02-06 17:00:00'),(187,26,'Kepulauan Meranti','Kabupaten','28700',0,1,1,'2015-02-07 00:00:00','2015-02-06 17:00:00'),(188,31,'Kepulauan Sangihe','Kabupaten','95800',0,1,1,'2015-02-07 00:00:00','2015-02-06 17:00:00'),(189,6,'Kepulauan Seribu','Kabupaten','14530',0,1,1,'2015-02-07 00:00:00','2015-02-06 17:00:00'),(190,31,'Kepulauan Siau Tagulandang Biaro (Sitaro)','Kabupaten','95800',0,1,1,'2015-02-07 00:00:00','2015-02-06 17:00:00'),(191,20,'Kepulauan Sula','Kabupaten','97700',0,1,1,'2015-02-07 00:00:00','2015-02-06 17:00:00'),(192,31,'Kepulauan Talaud','Kabupaten','95800',0,1,1,'2015-02-07 00:00:00','2015-02-06 17:00:00'),(193,24,'Kepulauan Yapen (Yapen Waropen)','Kabupaten','98200',0,1,1,'2015-02-07 00:00:00','2015-02-06 17:00:00'),(194,8,'Kerinci','Kabupaten','37100',0,1,1,'2015-02-07 00:00:00','2015-02-06 17:00:00'),(195,12,'Ketapang','Kabupaten','78800',0,1,1,'2015-02-07 00:00:00','2015-02-06 17:00:00'),(196,10,'Klaten','Kabupaten','57400',0,1,1,'2015-02-07 00:00:00','2015-02-06 17:00:00'),(197,1,'Klungkung','Kabupaten','80700',0,1,1,'2015-02-07 00:00:00','2015-02-06 17:00:00'),(198,30,'Kolaka','Kabupaten','93500',0,1,1,'2015-02-07 00:00:00','2015-02-06 17:00:00'),(199,30,'Kolaka Utara','Kabupaten','93500',0,1,1,'2015-02-07 00:00:00','2015-02-06 17:00:00'),(200,30,'Konawe','Kabupaten','93400',0,1,1,'2015-02-07 00:00:00','2015-02-06 17:00:00'),(201,30,'Konawe Selatan','Kabupaten','93000',0,1,1,'2015-02-07 00:00:00','2015-02-06 17:00:00'),(202,30,'Konawe Utara','Kabupaten','93000',0,1,1,'2015-02-07 00:00:00','2015-02-06 17:00:00'),(203,13,'Kotabaru','Kabupaten','72100',0,1,1,'2015-02-07 00:00:00','2015-02-06 17:00:00'),(204,31,'Kotamobagu','Kota','95700',0,1,1,'2015-02-07 00:00:00','2015-02-06 17:00:00'),(205,14,'Kotawaringin Barat','Kabupaten','74100',0,1,1,'2015-02-07 00:00:00','2015-02-06 17:00:00'),(206,14,'Kotawaringin Timur','Kabupaten','74300',0,1,1,'2015-02-07 00:00:00','2015-02-06 17:00:00'),(207,26,'Kuantan Singingi','Kabupaten','29500',0,1,1,'2015-02-07 00:00:00','2015-02-06 17:00:00'),(208,12,'Kubu Raya','Kabupaten','78000',0,1,1,'2015-02-07 00:00:00','2015-02-06 17:00:00'),(209,10,'Kudus','Kabupaten','59300',0,1,1,'2015-02-07 00:00:00','2015-02-06 17:00:00'),(210,5,'Kulon Progo','Kabupaten','55600',0,1,1,'2015-02-07 00:00:00','2015-02-06 17:00:00'),(211,9,'Kuningan','Kabupaten','45500',0,1,1,'2015-02-07 00:00:00','2015-02-06 17:00:00'),(212,23,'Kupang','Kabupaten','85000',0,1,1,'2015-02-07 00:00:00','2015-02-06 17:00:00'),(213,23,'Kupang','Kota','85000',0,1,1,'2015-02-07 00:00:00','2015-02-06 17:00:00'),(214,15,'Kutai Barat','Kabupaten','75000',0,1,1,'2015-02-07 00:00:00','2015-02-06 17:00:00'),(215,15,'Kutai Kartanegara','Kabupaten','75500',0,1,1,'2015-02-07 00:00:00','2015-02-06 17:00:00'),(216,15,'Kutai Timur','Kabupaten','75556',0,1,1,'2015-02-07 00:00:00','2015-02-06 17:00:00'),(217,34,'Labuhan Batu','Kabupaten','21400',0,1,1,'2015-02-07 00:00:00','2015-02-06 17:00:00'),(218,34,'Labuhan Batu Selatan','Kabupaten','21400',0,1,1,'2015-02-07 00:00:00','2015-02-06 17:00:00'),(219,34,'Labuhan Batu Utara','Kabupaten','21400',0,1,1,'2015-02-07 00:00:00','2015-02-06 17:00:00'),(220,33,'Lahat','Kabupaten','31400',0,1,1,'2015-02-07 00:00:00','2015-02-06 17:00:00'),(221,14,'Lamandau','Kabupaten','74100',0,1,1,'2015-02-07 00:00:00','2015-02-06 17:00:00'),(222,11,'Lamongan','Kabupaten','62200',0,1,1,'2015-02-07 00:00:00','2015-02-06 17:00:00'),(223,18,'Lampung Barat','Kabupaten','35000',0,1,1,'2015-02-07 00:00:00','2015-02-06 17:00:00'),(224,18,'Lampung Selatan','Kabupaten','35000',0,1,1,'2015-02-07 00:00:00','2015-02-06 17:00:00'),(225,18,'Lampung Tengah','Kabupaten','34100',0,1,1,'2015-02-07 00:00:00','2015-02-06 17:00:00'),(226,18,'Lampung Timur','Kabupaten','34100',0,1,1,'2015-02-07 00:00:00','2015-02-06 17:00:00'),(227,18,'Lampung Utara','Kabupaten','34500',0,1,1,'2015-02-07 00:00:00','2015-02-06 17:00:00'),(228,12,'Landak','Kabupaten','79357',0,1,1,'2015-02-07 00:00:00','2015-02-06 17:00:00'),(229,34,'Langkat','Kabupaten','20800',0,1,1,'2015-02-07 00:00:00','2015-02-06 17:00:00'),(230,21,'Langsa','Kota','24400',0,1,1,'2015-02-07 00:00:00','2015-02-06 17:00:00'),(231,24,'Lanny Jaya','Kabupaten','99500',0,1,1,'2015-02-07 00:00:00','2015-02-06 17:00:00'),(232,3,'Lebak','Kabupaten','42300',0,1,1,'2015-02-07 00:00:00','2015-02-06 17:00:00'),(233,4,'Lebong','Kabupaten','39200',0,1,1,'2015-02-07 00:00:00','2015-02-06 17:00:00'),(234,23,'Lembata','Kabupaten','86600',0,1,1,'2015-02-07 00:00:00','2015-02-06 17:00:00'),(235,21,'Lhokseumawe','Kota','24300',0,1,1,'2015-02-07 00:00:00','2015-02-06 17:00:00'),(236,32,'Lima Puluh Koto/Kota','Kabupaten','26200',0,1,1,'2015-02-07 00:00:00','2015-02-06 17:00:00'),(237,17,'Lingga','Kabupaten','29800',0,1,1,'2015-02-07 00:00:00','2015-02-06 17:00:00'),(238,22,'Lombok Barat','Kabupaten','83363',0,1,1,'2015-02-07 00:00:00','2015-02-06 17:00:00'),(239,22,'Lombok Tengah','Kabupaten','83500',0,1,1,'2015-02-07 00:00:00','2015-02-06 17:00:00'),(240,22,'Lombok Timur','Kabupaten','83600',0,1,1,'2015-02-07 00:00:00','2015-02-06 17:00:00'),(241,22,'Lombok Utara','Kabupaten','83300',0,1,1,'2015-02-07 00:00:00','2015-02-06 17:00:00'),(242,33,'Lubuk Linggau','Kota','31600',0,1,1,'2015-02-07 00:00:00','2015-02-06 17:00:00'),(243,11,'Lumajang','Kabupaten','67300',0,1,1,'2015-02-07 00:00:00','2015-02-06 17:00:00'),(244,28,'Luwu','Kabupaten','91900',0,1,1,'2015-02-07 00:00:00','2015-02-06 17:00:00'),(245,28,'Luwu Timur','Kabupaten','91900',0,1,1,'2015-02-07 00:00:00','2015-02-06 17:00:00'),(246,28,'Luwu Utara','Kabupaten','91900',0,1,1,'2015-02-07 00:00:00','2015-02-06 17:00:00'),(247,11,'Madiun','Kabupaten','63100',0,1,1,'2015-02-07 00:00:00','2015-02-06 17:00:00'),(248,11,'Madiun','Kota','63100',0,1,1,'2015-02-07 00:00:00','2015-02-06 17:00:00'),(249,10,'Magelang','Kabupaten','56100',0,1,1,'2015-02-07 00:00:00','2015-02-06 17:00:00'),(250,10,'Magelang','Kota','56100',0,1,1,'2015-02-07 00:00:00','2015-02-06 17:00:00'),(251,11,'Magetan','Kabupaten','63300',0,1,1,'2015-02-07 00:00:00','2015-02-06 17:00:00'),(252,9,'Majalengka','Kabupaten','45400',0,1,1,'2015-02-07 00:00:00','2015-02-06 17:00:00'),(253,27,'Majene','Kabupaten','91400',0,1,1,'2015-02-07 00:00:00','2015-02-06 17:00:00'),(254,28,'Makassar','Kota','90000',0,1,1,'2015-02-07 00:00:00','2015-02-06 17:00:00'),(255,11,'Malang','Kabupaten','65100',0,1,1,'2015-02-07 00:00:00','2015-02-06 17:00:00'),(256,11,'Malang','Kota','65100',0,1,1,'2015-02-07 00:00:00','2015-02-06 17:00:00'),(257,16,'Malinau','Kabupaten','77154',0,1,1,'2015-02-07 00:00:00','2015-02-06 17:00:00'),(258,19,'Maluku Barat Daya','Kabupaten','97000',0,1,1,'2015-02-07 00:00:00','2015-02-06 17:00:00'),(259,19,'Maluku Tengah','Kabupaten','97500',0,1,1,'2015-02-07 00:00:00','2015-02-06 17:00:00'),(260,19,'Maluku Tenggara','Kabupaten','97600',0,1,1,'2015-02-07 00:00:00','2015-02-06 17:00:00'),(261,19,'Maluku Tenggara Barat','Kabupaten','97600',0,1,1,'2015-02-07 00:00:00','2015-02-06 17:00:00'),(262,27,'Mamasa','Kabupaten','91363',0,1,1,'2015-02-07 00:00:00','2015-02-06 17:00:00'),(263,24,'Mamberamo Raya','Kabupaten','99500',0,1,1,'2015-02-07 00:00:00','2015-02-06 17:00:00'),(264,24,'Mamberamo Tengah','Kabupaten','99500',0,1,1,'2015-02-07 00:00:00','2015-02-06 17:00:00'),(265,27,'Mamuju','Kabupaten','91500',0,1,1,'2015-02-07 00:00:00','2015-02-06 17:00:00'),(266,27,'Mamuju Utara','Kabupaten','91500',0,1,1,'2015-02-07 00:00:00','2015-02-06 17:00:00'),(267,31,'Manado','Kota','95000',0,1,1,'2015-02-07 00:00:00','2015-02-06 17:00:00'),(268,34,'Mandailing Natal','Kabupaten','22919',0,1,1,'2015-02-07 00:00:00','2015-02-06 17:00:00'),(269,23,'Manggarai','Kabupaten','86500',0,1,1,'2015-02-07 00:00:00','2015-02-06 17:00:00'),(270,23,'Manggarai Barat','Kabupaten','86753',0,1,1,'2015-02-07 00:00:00','2015-02-06 17:00:00'),(271,23,'Manggarai Timur','Kabupaten','86500',0,1,1,'2015-02-07 00:00:00','2015-02-06 17:00:00'),(272,25,'Manokwari','Kabupaten','98300',0,1,1,'2015-02-07 00:00:00','2015-02-06 17:00:00'),(273,25,'Manokwari Selatan','Kabupaten','98300',0,1,1,'2015-02-07 00:00:00','2015-02-06 17:00:00'),(274,24,'Mappi','Kabupaten','99000',0,1,1,'2015-02-07 00:00:00','2015-02-06 17:00:00'),(275,28,'Maros','Kabupaten','90500',0,1,1,'2015-02-07 00:00:00','2015-02-06 17:00:00'),(276,22,'Mataram','Kota','83000',0,1,1,'2015-02-07 00:00:00','2015-02-06 17:00:00'),(277,25,'Maybrat','Kabupaten','99000',0,1,1,'2015-02-07 00:00:00','2015-02-06 17:00:00'),(278,34,'Medan','Kota','20000',0,1,1,'2015-02-07 00:00:00','2015-02-06 17:00:00'),(279,12,'Melawi','Kabupaten','78672',0,1,1,'2015-02-07 00:00:00','2015-02-06 17:00:00'),(280,8,'Merangin','Kabupaten','37300',0,1,1,'2015-02-07 00:00:00','2015-02-06 17:00:00'),(281,24,'Merauke','Kabupaten','99600',0,1,1,'2015-02-07 00:00:00','2015-02-06 17:00:00'),(282,18,'Mesuji','Kabupaten','34500',0,1,1,'2015-02-07 00:00:00','2015-02-06 17:00:00'),(283,18,'Metro','Kota','34100',0,1,1,'2015-02-07 00:00:00','2015-02-06 17:00:00'),(284,24,'Mimika','Kabupaten','99900',0,1,1,'2015-02-07 00:00:00','2015-02-06 17:00:00'),(285,31,'Minahasa','Kabupaten','95600',0,1,1,'2015-02-07 00:00:00','2015-02-06 17:00:00'),(286,31,'Minahasa Selatan','Kabupaten','95000',0,1,1,'2015-02-07 00:00:00','2015-02-06 17:00:00'),(287,31,'Minahasa Tenggara','Kabupaten','95000',0,1,1,'2015-02-07 00:00:00','2015-02-06 17:00:00'),(288,31,'Minahasa Utara','Kabupaten','95000',0,1,1,'2015-02-07 00:00:00','2015-02-06 17:00:00'),(289,11,'Mojokerto','Kabupaten','61300',0,1,1,'2015-02-07 00:00:00','2015-02-06 17:00:00'),(290,11,'Mojokerto','Kota','61300',0,1,1,'2015-02-07 00:00:00','2015-02-06 17:00:00'),(291,29,'Morowali','Kabupaten','94000',0,1,1,'2015-02-07 00:00:00','2015-02-06 17:00:00'),(292,33,'Muara Enim','Kabupaten','31300',0,1,1,'2015-02-07 00:00:00','2015-02-06 17:00:00'),(293,8,'Muaro Jambi','Kabupaten','36365',0,1,1,'2015-02-07 00:00:00','2015-02-06 17:00:00'),(294,4,'Muko Muko','Kabupaten','38365',0,1,1,'2015-02-07 00:00:00','2015-02-06 17:00:00'),(295,30,'Muna','Kabupaten','93600',0,1,1,'2015-02-07 00:00:00','2015-02-06 17:00:00'),(296,14,'Murung Raya','Kabupaten','73900',0,1,1,'2015-02-07 00:00:00','2015-02-06 17:00:00'),(297,33,'Musi Banyuasin','Kabupaten','30700',0,1,1,'2015-02-07 00:00:00','2015-02-06 17:00:00'),(298,33,'Musi Rawas','Kabupaten','31600',0,1,1,'2015-02-07 00:00:00','2015-02-06 17:00:00'),(299,24,'Nabire','Kabupaten','98800',0,1,1,'2015-02-07 00:00:00','2015-02-06 17:00:00'),(300,21,'Nagan Raya','Kabupaten','23600',0,1,1,'2015-02-07 00:00:00','2015-02-06 17:00:00'),(301,23,'Nagekeo','Kabupaten','86400',0,1,1,'2015-02-07 00:00:00','2015-02-06 17:00:00'),(302,17,'Natuna','Kabupaten','29700',0,1,1,'2015-02-07 00:00:00','2015-02-06 17:00:00'),(303,24,'Nduga','Kabupaten','99500',0,1,1,'2015-02-07 00:00:00','2015-02-06 17:00:00'),(304,23,'Ngada','Kabupaten','86400',0,1,1,'2015-02-07 00:00:00','2015-02-06 17:00:00'),(305,11,'Nganjuk','Kabupaten','64400',0,1,1,'2015-02-07 00:00:00','2015-02-06 17:00:00'),(306,11,'Ngawi','Kabupaten','63200',0,1,1,'2015-02-07 00:00:00','2015-02-06 17:00:00'),(307,34,'Nias','Kabupaten','22800',0,1,1,'2015-02-07 00:00:00','2015-02-06 17:00:00'),(308,34,'Nias Barat','Kabupaten','22800',0,1,1,'2015-02-07 00:00:00','2015-02-06 17:00:00'),(309,34,'Nias Selatan','Kabupaten','22800',0,1,1,'2015-02-07 00:00:00','2015-02-06 17:00:00'),(310,34,'Nias Utara','Kabupaten','22800',0,1,1,'2015-02-07 00:00:00','2015-02-06 17:00:00'),(311,16,'Nunukan','Kabupaten','77182',0,1,1,'2015-02-07 00:00:00','2015-02-06 17:00:00'),(312,33,'Ogan Ilir','Kabupaten','30600',0,1,1,'2015-02-07 00:00:00','2015-02-06 17:00:00'),(313,33,'Ogan Komering Ilir','Kabupaten','30600',0,1,1,'2015-02-07 00:00:00','2015-02-06 17:00:00'),(314,33,'Ogan Komering Ulu','Kabupaten','32100',0,1,1,'2015-02-07 00:00:00','2015-02-06 17:00:00'),(315,33,'Ogan Komering Ulu Selatan','Kabupaten','32100',0,1,1,'2015-02-07 00:00:00','2015-02-06 17:00:00'),(316,33,'Ogan Komering Ulu Timur','Kabupaten','32100',0,1,1,'2015-02-07 00:00:00','2015-02-06 17:00:00'),(317,11,'Pacitan','Kabupaten','63500',0,1,1,'2015-02-07 00:00:00','2015-02-06 17:00:00'),(318,32,'Padang','Kota','25000',0,1,1,'2015-02-07 00:00:00','2015-02-06 17:00:00'),(319,34,'Padang Lawas','Kabupaten','22700',0,1,1,'2015-02-07 00:00:00','2015-02-06 17:00:00'),(320,34,'Padang Lawas Utara','Kabupaten','22700',0,1,1,'2015-02-07 00:00:00','2015-02-06 17:00:00'),(321,32,'Padang Panjang','Kota','27100',0,1,1,'2015-02-07 00:00:00','2015-02-06 17:00:00'),(322,32,'Padang Pariaman','Kabupaten','25500',0,1,1,'2015-02-07 00:00:00','2015-02-06 17:00:00'),(323,34,'Padang Sidempuan','Kota','22700',0,1,1,'2015-02-07 00:00:00','2015-02-06 17:00:00'),(324,33,'Pagar Alam','Kota','31500',0,1,1,'2015-02-07 00:00:00','2015-02-06 17:00:00'),(325,34,'Pakpak Bharat','Kabupaten','22200',0,1,1,'2015-02-07 00:00:00','2015-02-06 17:00:00'),(326,14,'Palangka Raya','Kota','73000',0,1,1,'2015-02-07 00:00:00','2015-02-06 17:00:00'),(327,33,'Palembang','Kota','30000',0,1,1,'2015-02-07 00:00:00','2015-02-06 17:00:00'),(328,28,'Palopo','Kota','91900',0,1,1,'2015-02-07 00:00:00','2015-02-06 17:00:00'),(329,29,'Palu','Kota','94000',0,1,1,'2015-02-07 00:00:00','2015-02-06 17:00:00'),(330,11,'Pamekasan','Kabupaten','69300',0,1,1,'2015-02-07 00:00:00','2015-02-06 17:00:00'),(331,3,'Pandeglang','Kabupaten','42200',0,1,1,'2015-02-07 00:00:00','2015-02-06 17:00:00'),(332,9,'Pangandaran','Kabupaten','46396',0,1,1,'2015-02-07 00:00:00','2015-02-06 17:00:00'),(333,28,'Pangkajene Kepulauan','Kabupaten','90600',0,1,1,'2015-02-07 00:00:00','2015-02-06 17:00:00'),(334,2,'Pangkal Pinang','Kota','33100',0,1,1,'2015-02-07 00:00:00','2015-02-06 17:00:00'),(335,24,'Paniai','Kabupaten','98700',0,1,1,'2015-02-07 00:00:00','2015-02-06 17:00:00'),(336,28,'Parepare','Kota','91100',0,1,1,'2015-02-07 00:00:00','2015-02-06 17:00:00'),(337,32,'Pariaman','Kota','25500',0,1,1,'2015-02-07 00:00:00','2015-02-06 17:00:00'),(338,29,'Parigi Moutong','Kabupaten','94371',0,1,1,'2015-02-07 00:00:00','2015-02-06 17:00:00'),(339,32,'Pasaman','Kabupaten','26300',0,1,1,'2015-02-07 00:00:00','2015-02-06 17:00:00'),(340,32,'Pasaman Barat','Kabupaten','26300',0,1,1,'2015-02-07 00:00:00','2015-02-06 17:00:00'),(341,15,'Paser','Kabupaten','76200',0,1,1,'2015-02-07 00:00:00','2015-02-06 17:00:00'),(342,11,'Pasuruan','Kabupaten','67100',0,1,1,'2015-02-07 00:00:00','2015-02-06 17:00:00'),(343,11,'Pasuruan','Kota','67100',0,1,1,'2015-02-07 00:00:00','2015-02-06 17:00:00'),(344,10,'Pati','Kabupaten','59100',0,1,1,'2015-02-07 00:00:00','2015-02-06 17:00:00'),(345,32,'Payakumbuh','Kota','26200',0,1,1,'2015-02-07 00:00:00','2015-02-06 17:00:00'),(346,25,'Pegunungan Arfak','Kabupaten','98300',0,1,1,'2015-02-07 00:00:00','2015-02-06 17:00:00'),(347,24,'Pegunungan Bintang','Kabupaten','99500',0,1,1,'2015-02-07 00:00:00','2015-02-06 17:00:00'),(348,10,'Pekalongan','Kabupaten','51100',0,1,1,'2015-02-07 00:00:00','2015-02-06 17:00:00'),(349,10,'Pekalongan','Kota','51100',0,1,1,'2015-02-07 00:00:00','2015-02-06 17:00:00'),(350,26,'Pekanbaru','Kota','28000',0,1,1,'2015-02-07 00:00:00','2015-02-06 17:00:00'),(351,26,'Pelalawan','Kabupaten','28300',0,1,1,'2015-02-07 00:00:00','2015-02-06 17:00:00'),(352,10,'Pemalang','Kabupaten','52300',0,1,1,'2015-02-07 00:00:00','2015-02-06 17:00:00'),(353,34,'Pematang Siantar','Kota','21100',0,1,1,'2015-02-07 00:00:00','2015-02-06 17:00:00'),(354,15,'Penajam Paser Utara','Kabupaten','76141',0,1,1,'2015-02-07 00:00:00','2015-02-06 17:00:00'),(355,18,'Pesawaran','Kabupaten','35000',0,1,1,'2015-02-07 00:00:00','2015-02-06 17:00:00'),(356,18,'Pesisir Barat','Kabupaten','34574',0,1,1,'2015-02-07 00:00:00','2015-02-06 17:00:00'),(357,32,'Pesisir Selatan','Kabupaten','25600',0,1,1,'2015-02-07 00:00:00','2015-02-06 17:00:00'),(358,21,'Pidie','Kabupaten','24100',0,1,1,'2015-02-07 00:00:00','2015-02-06 17:00:00'),(359,21,'Pidie Jaya','Kabupaten','24100',0,1,1,'2015-02-07 00:00:00','2015-02-06 17:00:00'),(360,28,'Pinrang','Kabupaten','91200',0,1,1,'2015-02-07 00:00:00','2015-02-06 17:00:00'),(361,7,'Pohuwato','Kabupaten','96200',0,1,1,'2015-02-07 00:00:00','2015-02-06 17:00:00'),(362,27,'Polewali Mandar','Kabupaten','91300',0,1,1,'2015-02-07 00:00:00','2015-02-06 17:00:00'),(363,11,'Ponorogo','Kabupaten','63400',0,1,1,'2015-02-07 00:00:00','2015-02-06 17:00:00'),(364,12,'Pontianak','Kabupaten','78000',0,1,1,'2015-02-07 00:00:00','2015-02-06 17:00:00'),(365,12,'Pontianak','Kota','78000',0,1,1,'2015-02-07 00:00:00','2015-02-06 17:00:00'),(366,29,'Poso','Kabupaten','94600',0,1,1,'2015-02-07 00:00:00','2015-02-06 17:00:00'),(367,33,'Prabumulih','Kota','31100',0,1,1,'2015-02-07 00:00:00','2015-02-06 17:00:00'),(368,18,'Pringsewu','Kabupaten','35373',0,1,1,'2015-02-07 00:00:00','2015-02-06 17:00:00'),(369,11,'Probolinggo','Kabupaten','67200',0,1,1,'2015-02-07 00:00:00','2015-02-06 17:00:00'),(370,11,'Probolinggo','Kota','67200',0,1,1,'2015-02-07 00:00:00','2015-02-06 17:00:00'),(371,14,'Pulang Pisau','Kabupaten','73561',0,1,1,'2015-02-07 00:00:00','2015-02-06 17:00:00'),(372,20,'Pulau Morotai','Kabupaten','97771',0,1,1,'2015-02-07 00:00:00','2015-02-06 17:00:00'),(373,24,'Puncak','Kabupaten','98900',0,1,1,'2015-02-07 00:00:00','2015-02-06 17:00:00'),(374,24,'Puncak Jaya','Kabupaten','98900',0,1,1,'2015-02-07 00:00:00','2015-02-06 17:00:00'),(375,10,'Purbalingga','Kabupaten','53300',0,1,1,'2015-02-07 00:00:00','2015-02-06 17:00:00'),(376,9,'Purwakarta','Kabupaten','41100',0,1,1,'2015-02-07 00:00:00','2015-02-06 17:00:00'),(377,10,'Purworejo','Kabupaten','54100',0,1,1,'2015-02-07 00:00:00','2015-02-06 17:00:00'),(378,25,'Raja Ampat','Kabupaten','98400',0,1,1,'2015-02-07 00:00:00','2015-02-06 17:00:00'),(379,4,'Rejang Lebong','Kabupaten','39100',0,1,1,'2015-02-07 00:00:00','2015-02-06 17:00:00'),(380,10,'Rembang','Kabupaten','59200',0,1,1,'2015-02-07 00:00:00','2015-02-06 17:00:00'),(381,26,'Rokan Hilir','Kabupaten','28991',0,1,1,'2015-02-07 00:00:00','2015-02-06 17:00:00'),(382,26,'Rokan Hulu','Kabupaten','28455',0,1,1,'2015-02-07 00:00:00','2015-02-06 17:00:00'),(383,23,'Rote Ndao','Kabupaten','85974',0,1,1,'2015-02-07 00:00:00','2015-02-06 17:00:00'),(384,21,'Sabang','Kota','23500',0,1,1,'2015-02-07 00:00:00','2015-02-06 17:00:00'),(385,23,'Sabu Raijua','Kabupaten','85391',0,1,1,'2015-02-07 00:00:00','2015-02-06 17:00:00'),(386,10,'Salatiga','Kota','50700',0,1,1,'2015-02-07 00:00:00','2015-02-06 17:00:00'),(387,15,'Samarinda','Kota','75000',0,1,1,'2015-02-07 00:00:00','2015-02-06 17:00:00'),(388,12,'Sambas','Kabupaten','79400',0,1,1,'2015-02-07 00:00:00','2015-02-06 17:00:00'),(389,34,'Samosir','Kabupaten','22300',0,1,1,'2015-02-07 00:00:00','2015-02-06 17:00:00'),(390,11,'Sampang','Kabupaten','69200',0,1,1,'2015-02-07 00:00:00','2015-02-06 17:00:00'),(391,12,'Sanggau','Kabupaten','78500',0,1,1,'2015-02-07 00:00:00','2015-02-06 17:00:00'),(392,24,'Sarmi','Kabupaten','99373',0,1,1,'2015-02-07 00:00:00','2015-02-06 17:00:00'),(393,8,'Sarolangun','Kabupaten','37300',0,1,1,'2015-02-07 00:00:00','2015-02-06 17:00:00'),(394,32,'Sawah Lunto','Kota','27400',0,1,1,'2015-02-07 00:00:00','2015-02-06 17:00:00'),(395,12,'Sekadau','Kabupaten','78582',0,1,1,'2015-02-07 00:00:00','2015-02-06 17:00:00'),(396,28,'Selayar (Kepulauan Selayar)','Kabupaten','92800',0,1,1,'2015-02-07 00:00:00','2015-02-06 17:00:00'),(397,4,'Seluma','Kabupaten','38000',0,1,1,'2015-02-07 00:00:00','2015-02-06 17:00:00'),(398,10,'Semarang','Kabupaten','50000',0,1,1,'2015-02-07 00:00:00','2015-02-06 17:00:00'),(399,10,'Semarang','Kota','50000',0,1,1,'2015-02-07 00:00:00','2015-02-06 17:00:00'),(400,19,'Seram Bagian Barat','Kabupaten','97500',0,1,1,'2015-02-07 00:00:00','2015-02-06 17:00:00'),(401,19,'Seram Bagian Timur','Kabupaten','97500',0,1,1,'2015-02-07 00:00:00','2015-02-06 17:00:00'),(402,3,'Serang','Kabupaten','42100',0,1,1,'2015-02-07 00:00:00','2015-02-06 17:00:00'),(403,3,'Serang','Kota','42100',0,1,1,'2015-02-07 00:00:00','2015-02-06 17:00:00'),(404,34,'Serdang Bedagai','Kabupaten','20000',0,1,1,'2015-02-07 00:00:00','2015-02-06 17:00:00'),(405,14,'Seruyan','Kabupaten','74200',0,1,1,'2015-02-07 00:00:00','2015-02-06 17:00:00'),(406,26,'Siak','Kabupaten','28686',0,1,1,'2015-02-07 00:00:00','2015-02-06 17:00:00'),(407,34,'Sibolga','Kota','22500',0,1,1,'2015-02-07 00:00:00','2015-02-06 17:00:00'),(408,28,'Sidenreng Rappang/Rapang','Kabupaten','91600',0,1,1,'2015-02-07 00:00:00','2015-02-06 17:00:00'),(409,11,'Sidoarjo','Kabupaten','61200',0,1,1,'2015-02-07 00:00:00','2015-02-06 17:00:00'),(410,29,'Sigi','Kabupaten','94000',0,1,1,'2015-02-07 00:00:00','2015-02-06 17:00:00'),(411,32,'Sijunjung (Sawah Lunto Sijunjung)','Kabupaten','27500',0,1,1,'2015-02-07 00:00:00','2015-02-06 17:00:00'),(412,23,'Sikka','Kabupaten','86100',0,1,1,'2015-02-07 00:00:00','2015-02-06 17:00:00'),(413,34,'Simalungun','Kabupaten','21100',0,1,1,'2015-02-07 00:00:00','2015-02-06 17:00:00'),(414,21,'Simeulue','Kabupaten','23000',0,1,1,'2015-02-07 00:00:00','2015-02-06 17:00:00'),(415,12,'Singkawang','Kota','79100',0,1,1,'2015-02-07 00:00:00','2015-02-06 17:00:00'),(416,28,'Sinjai','Kabupaten','92600',0,1,1,'2015-02-07 00:00:00','2015-02-06 17:00:00'),(417,12,'Sintang','Kabupaten','78600',0,1,1,'2015-02-07 00:00:00','2015-02-06 17:00:00'),(418,11,'Situbondo','Kabupaten','68300',0,1,1,'2015-02-07 00:00:00','2015-02-06 17:00:00'),(419,5,'Sleman','Kabupaten','55500',0,1,1,'2015-02-07 00:00:00','2015-02-06 17:00:00'),(420,32,'Solok','Kabupaten','27300',0,1,1,'2015-02-07 00:00:00','2015-02-06 17:00:00'),(421,32,'Solok','Kota','27300',0,1,1,'2015-02-07 00:00:00','2015-02-06 17:00:00'),(422,32,'Solok Selatan','Kabupaten','27300',0,1,1,'2015-02-07 00:00:00','2015-02-06 17:00:00'),(423,28,'Soppeng','Kabupaten','90800',0,1,1,'2015-02-07 00:00:00','2015-02-06 17:00:00'),(424,25,'Sorong','Kabupaten','98400',0,1,1,'2015-02-07 00:00:00','2015-02-06 17:00:00'),(425,25,'Sorong','Kota','98400',0,1,1,'2015-02-07 00:00:00','2015-02-06 17:00:00'),(426,25,'Sorong Selatan','Kabupaten','98400',0,1,1,'2015-02-07 00:00:00','2015-02-06 17:00:00'),(427,10,'Sragen','Kabupaten','57200',0,1,1,'2015-02-07 00:00:00','2015-02-06 17:00:00'),(428,9,'Subang','Kabupaten','41200',0,1,1,'2015-02-07 00:00:00','2015-02-06 17:00:00'),(429,21,'Subulussalam','Kota','23782',0,1,1,'2015-02-07 00:00:00','2015-02-06 17:00:00'),(430,9,'Sukabumi','Kabupaten','43100',0,1,1,'2015-02-07 00:00:00','2015-02-06 17:00:00'),(431,9,'Sukabumi','Kota','43100',0,1,1,'2015-02-07 00:00:00','2015-02-06 17:00:00'),(432,14,'Sukamara','Kabupaten','74172',0,1,1,'2015-02-07 00:00:00','2015-02-06 17:00:00'),(433,10,'Sukoharjo','Kabupaten','57500',0,1,1,'2015-02-07 00:00:00','2015-02-06 17:00:00'),(434,23,'Sumba Barat','Kabupaten','87200',0,1,1,'2015-02-07 00:00:00','2015-02-06 17:00:00'),(435,23,'Sumba Barat Daya','Kabupaten','87200',0,1,1,'2015-02-07 00:00:00','2015-02-06 17:00:00'),(436,23,'Sumba Tengah','Kabupaten','87200',0,1,1,'2015-02-07 00:00:00','2015-02-06 17:00:00'),(437,23,'Sumba Timur','Kabupaten','87100',0,1,1,'2015-02-07 00:00:00','2015-02-06 17:00:00'),(438,22,'Sumbawa','Kabupaten','84300',0,1,1,'2015-02-07 00:00:00','2015-02-06 17:00:00'),(439,22,'Sumbawa Barat','Kabupaten','84300',0,1,1,'2015-02-07 00:00:00','2015-02-06 17:00:00'),(440,9,'Sumedang','Kabupaten','45300',0,1,1,'2015-02-07 00:00:00','2015-02-06 17:00:00'),(441,11,'Sumenep','Kabupaten','69400',0,1,1,'2015-02-07 00:00:00','2015-02-06 17:00:00'),(442,8,'Sungaipenuh','Kota','37100',0,1,1,'2015-02-07 00:00:00','2015-02-06 17:00:00'),(443,24,'Supiori','Kabupaten','98100',0,1,1,'2015-02-07 00:00:00','2015-02-06 17:00:00'),(444,11,'Surabaya','Kota','60000',0,1,1,'2015-02-07 00:00:00','2015-02-06 17:00:00'),(445,10,'Surakarta (Solo)','Kota','57100',0,1,1,'2015-02-07 00:00:00','2015-02-06 17:00:00'),(446,13,'Tabalong','Kabupaten','71500',0,1,1,'2015-02-07 00:00:00','2015-02-06 17:00:00'),(447,1,'Tabanan','Kabupaten','82100',0,1,1,'2015-02-07 00:00:00','2015-02-06 17:00:00'),(448,28,'Takalar','Kabupaten','92200',0,1,1,'2015-02-07 00:00:00','2015-02-06 17:00:00'),(449,25,'Tambrauw','Kabupaten','98400',0,1,1,'2015-02-07 00:00:00','2015-02-06 17:00:00'),(450,16,'Tana Tidung','Kabupaten','77152',0,1,1,'2015-02-07 00:00:00','2015-02-06 17:00:00'),(451,28,'Tana Toraja','Kabupaten','91800',0,1,1,'2015-02-07 00:00:00','2015-02-06 17:00:00'),(452,13,'Tanah Bumbu','Kabupaten','70000',0,1,1,'2015-02-07 00:00:00','2015-02-06 17:00:00'),(453,32,'Tanah Datar','Kabupaten','27200',0,1,1,'2015-02-07 00:00:00','2015-02-06 17:00:00'),(454,13,'Tanah Laut','Kabupaten','70800',0,1,1,'2015-02-07 00:00:00','2015-02-06 17:00:00'),(455,3,'Tangerang','Kabupaten','15000',0,1,1,'2015-02-07 00:00:00','2015-02-06 17:00:00'),(456,3,'Tangerang','Kota','15000',0,1,1,'2015-02-07 00:00:00','2015-02-06 17:00:00'),(457,3,'Tangerang Selatan','Kota','15000',0,1,1,'2015-02-07 00:00:00','2015-02-06 17:00:00'),(458,18,'Tanggamus','Kabupaten','35000',0,1,1,'2015-02-07 00:00:00','2015-02-06 17:00:00'),(459,34,'Tanjung Balai','Kota','21300',0,1,1,'2015-02-07 00:00:00','2015-02-06 17:00:00'),(460,8,'Tanjung Jabung Barat','Kabupaten','36500',0,1,1,'2015-02-07 00:00:00','2015-02-06 17:00:00'),(461,8,'Tanjung Jabung Timur','Kabupaten','36500',0,1,1,'2015-02-07 00:00:00','2015-02-06 17:00:00'),(462,17,'Tanjung Pinang','Kota','29100',0,1,1,'2015-02-07 00:00:00','2015-02-06 17:00:00'),(463,34,'Tapanuli Selatan','Kabupaten','22700',0,1,1,'2015-02-07 00:00:00','2015-02-06 17:00:00'),(464,34,'Tapanuli Tengah','Kabupaten','22500',0,1,1,'2015-02-07 00:00:00','2015-02-06 17:00:00'),(465,34,'Tapanuli Utara','Kabupaten','22400',0,1,1,'2015-02-07 00:00:00','2015-02-06 17:00:00'),(466,13,'Tapin','Kabupaten','71100',0,1,1,'2015-02-07 00:00:00','2015-02-06 17:00:00'),(467,16,'Tarakan','Kota','77100',0,1,1,'2015-02-07 00:00:00','2015-02-06 17:00:00'),(468,9,'Tasikmalaya','Kabupaten','46100',0,1,1,'2015-02-07 00:00:00','2015-02-06 17:00:00'),(469,9,'Tasikmalaya','Kota','46100',0,1,1,'2015-02-07 00:00:00','2015-02-06 17:00:00'),(470,34,'Tebing Tinggi','Kota','20600',0,1,1,'2015-02-07 00:00:00','2015-02-06 17:00:00'),(471,8,'Tebo','Kabupaten','37200',0,1,1,'2015-02-07 00:00:00','2015-02-06 17:00:00'),(472,10,'Tegal','Kabupaten','52100',0,1,1,'2015-02-07 00:00:00','2015-02-06 17:00:00'),(473,10,'Tegal','Kota','52100',0,1,1,'2015-02-07 00:00:00','2015-02-06 17:00:00'),(474,25,'Teluk Bintuni','Kabupaten','98300',0,1,1,'2015-02-07 00:00:00','2015-02-06 17:00:00'),(475,25,'Teluk Wondama','Kabupaten','98300',0,1,1,'2015-02-07 00:00:00','2015-02-06 17:00:00'),(476,10,'Temanggung','Kabupaten','56200',0,1,1,'2015-02-07 00:00:00','2015-02-06 17:00:00'),(477,20,'Ternate','Kota','97700',0,1,1,'2015-02-07 00:00:00','2015-02-06 17:00:00'),(478,20,'Tidore Kepulauan','Kota','97800',0,1,1,'2015-02-07 00:00:00','2015-02-06 17:00:00'),(479,23,'Timor Tengah Selatan','Kabupaten','85500',0,1,1,'2015-02-07 00:00:00','2015-02-06 17:00:00'),(480,23,'Timor Tengah Utara','Kabupaten','85600',0,1,1,'2015-02-07 00:00:00','2015-02-06 17:00:00'),(481,34,'Toba Samosir','Kabupaten','22300',0,1,1,'2015-02-07 00:00:00','2015-02-06 17:00:00'),(482,29,'Tojo Una-Una','Kabupaten','94600',0,1,1,'2015-02-07 00:00:00','2015-02-06 17:00:00'),(483,29,'Toli-Toli','Kabupaten','94500',0,1,1,'2015-02-07 00:00:00','2015-02-06 17:00:00'),(484,24,'Tolikara','Kabupaten','99562',0,1,1,'2015-02-07 00:00:00','2015-02-06 17:00:00'),(485,31,'Tomohon','Kota','95362',0,1,1,'2015-02-07 00:00:00','2015-02-06 17:00:00'),(486,28,'Toraja Utara','Kabupaten','91890',0,1,1,'2015-02-07 00:00:00','2015-02-06 17:00:00'),(487,11,'Trenggalek','Kabupaten','66300',0,1,1,'2015-02-07 00:00:00','2015-02-06 17:00:00'),(488,19,'Tual','Kota','97600',0,1,1,'2015-02-07 00:00:00','2015-02-06 17:00:00'),(489,11,'Tuban','Kabupaten','62300',0,1,1,'2015-02-07 00:00:00','2015-02-06 17:00:00'),(490,18,'Tulang Bawang','Kabupaten','34500',0,1,1,'2015-02-07 00:00:00','2015-02-06 17:00:00'),(491,18,'Tulang Bawang Barat','Kabupaten','34500',0,1,1,'2015-02-07 00:00:00','2015-02-06 17:00:00'),(492,11,'Tulungagung','Kabupaten','66200',0,1,1,'2015-02-07 00:00:00','2015-02-06 17:00:00'),(493,28,'Wajo','Kabupaten','90900',0,1,1,'2015-02-07 00:00:00','2015-02-06 17:00:00'),(494,30,'Wakatobi','Kabupaten','93700',0,1,1,'2015-02-07 00:00:00','2015-02-06 17:00:00'),(495,24,'Waropen','Kabupaten','98200',0,1,1,'2015-02-07 00:00:00','2015-02-06 17:00:00'),(496,18,'Way Kanan','Kabupaten','35000',0,1,1,'2015-02-07 00:00:00','2015-02-06 17:00:00'),(497,10,'Wonogiri','Kabupaten','57600',0,1,1,'2015-02-07 00:00:00','2015-02-06 17:00:00'),(498,10,'Wonosobo','Kabupaten','56300',0,1,1,'2015-02-07 00:00:00','2015-02-06 17:00:00'),(499,24,'Yahukimo','Kabupaten','99500',0,1,1,'2015-02-07 00:00:00','2015-02-06 17:00:00'),(500,24,'Yalimo','Kabupaten','99500',0,1,1,'2015-02-07 00:00:00','2015-02-06 17:00:00'),(501,5,'Yogyakarta','Kota','55000',0,1,1,'2015-02-07 00:00:00','2015-02-06 17:00:00'),(502,21,'0','Kabupaten','23600',1,NULL,NULL,'2015-02-07 19:46:25','2015-02-07 12:48:34'),(503,21,'Aceh Barats','Kabupaten','23600',1,NULL,NULL,'2015-02-07 19:47:21','2015-02-07 12:48:43'),(504,9,'Bogor','Kota','30102',0,NULL,NULL,'2015-02-15 08:17:14','2015-02-15 01:17:14'),(505,21,'Aih','Kota','11111',1,NULL,NULL,'2015-03-07 22:47:34','2015-03-07 15:50:41'),(506,21,'Abah','Kota','12121',1,NULL,NULL,'2015-03-07 22:48:44','2015-03-07 15:51:06'),(507,24,'Azahari','Kota','22222',1,NULL,NULL,'2015-03-07 22:49:54','2015-03-07 15:50:21'),(508,24,'Azahari','Kota','22222',1,NULL,NULL,'2015-03-07 22:51:43','2015-03-07 15:52:00');
/*!40000 ALTER TABLE `tbl_city` ENABLE KEYS */;
UNLOCK TABLES;

--
-- Table structure for table `tbl_course`
--

DROP TABLE IF EXISTS `tbl_course`;
/*!40101 SET @saved_cs_client     = @@character_set_client */;
/*!40101 SET character_set_client = utf8 */;
CREATE TABLE `tbl_course` (
  `course_id` int(255) NOT NULL AUTO_INCREMENT,
  `course_name` varchar(255) NOT NULL,
  `course_school_grade` int(11) NOT NULL DEFAULT '0',
  `course_price` int(11) NOT NULL DEFAULT '0',
  `course_duration` int(11) NOT NULL DEFAULT '0',
  `course_open_date` date DEFAULT NULL,
  `course_close_date` date DEFAULT NULL,
  `deleted` int(1) NOT NULL DEFAULT '0',
  `created_by` int(255) DEFAULT NULL,
  `modified_by` int(255) DEFAULT NULL,
  `created_on` datetime DEFAULT NULL,
  `modified_on` timestamp NOT NULL DEFAULT CURRENT_TIMESTAMP ON UPDATE CURRENT_TIMESTAMP,
  PRIMARY KEY (`course_id`)
) ENGINE=InnoDB AUTO_INCREMENT=17 DEFAULT CHARSET=latin1;
/*!40101 SET character_set_client = @saved_cs_client */;

--
-- Dumping data for table `tbl_course`
--

LOCK TABLES `tbl_course` WRITE;
/*!40000 ALTER TABLE `tbl_course` DISABLE KEYS */;
INSERT INTO `tbl_course` VALUES (1,'SLTP LENGKAP (12 bulan)',16,3500000,0,NULL,NULL,0,NULL,NULL,'2015-02-07 22:33:12','2015-05-01 02:49:05'),(2,'SLTA IPA/MIA LENGKAP (12 bulan)',10,4500000,0,NULL,NULL,0,NULL,NULL,'2015-02-07 22:33:35','2015-05-01 02:47:59'),(3,'SLTA IPS/IIS LENGKAP (12 bulan)',13,4500000,0,NULL,NULL,0,NULL,NULL,'2015-02-07 22:33:45','2015-05-01 02:48:29'),(4,'Persiapan Masuk PTN IPA/MIA Lengkap',9,2000000,0,NULL,NULL,1,NULL,NULL,'2015-02-07 23:07:38','2015-04-05 06:17:00'),(5,'Persiapan Masuk PTN IPS/IIS Lengkap',10,2000000,0,NULL,NULL,1,NULL,NULL,'2015-02-07 23:07:49','2015-04-05 06:17:03'),(6,'SLTA IPA/MIA Kelas 10 (10 bulan)',11,1500000,0,NULL,NULL,0,NULL,NULL,'2015-03-08 21:58:36','2015-04-05 11:51:00'),(7,'SLTA IPA/MIA Kelas 11 (10 bulan)',9,1500000,0,NULL,NULL,0,NULL,NULL,'2015-03-08 21:59:31','2015-04-30 13:43:16'),(8,'SLTA IPA/MIA Kelas 12 + Latihan UAN',6,2000000,0,NULL,NULL,1,NULL,NULL,'2015-03-08 22:04:20','2015-04-05 06:17:10'),(9,'SLTP Kelas 7 (10 bulan)',14,1500000,0,NULL,NULL,0,NULL,NULL,'2015-03-25 19:16:28','2015-04-05 11:50:16'),(10,'SLTP Kelas 8 (10 bulan)',15,1500000,0,NULL,NULL,0,NULL,NULL,'2015-03-25 19:17:04','2015-04-05 11:50:41'),(11,'SLTA IPS/IIS Kelas 10 (10 bulan)',11,1500000,0,NULL,NULL,0,NULL,NULL,'2015-03-26 19:09:57','2015-04-05 11:51:33'),(12,'SLTA IPS/IIS Kelas 11 (10 bulan)',12,1500000,0,NULL,NULL,0,NULL,NULL,'2015-03-26 19:10:21','2015-04-05 11:51:47'),(13,'baru',8,12121212,0,NULL,NULL,1,NULL,NULL,'2015-04-05 13:26:36','2015-04-05 06:28:52'),(14,'SLTP Kelas 9 (10 bulan)',16,1500000,0,NULL,NULL,1,NULL,NULL,'2015-04-06 19:06:44','2015-04-06 12:07:48'),(15,'SD LENGKAP termasuk Persiapan UAN (12 bulan)',17,3000000,0,NULL,NULL,1,NULL,NULL,'2015-04-12 06:30:01','2015-04-23 05:39:14'),(16,'TEst paaket sltp 9',16,800000,0,NULL,NULL,0,NULL,NULL,'2015-06-04 00:54:01','2015-06-03 22:54:01');
/*!40000 ALTER TABLE `tbl_course` ENABLE KEYS */;
UNLOCK TABLES;

--
-- Table structure for table `tbl_customer`
--

DROP TABLE IF EXISTS `tbl_customer`;
/*!40101 SET @saved_cs_client     = @@character_set_client */;
/*!40101 SET character_set_client = utf8 */;
CREATE TABLE `tbl_customer` (
  `customer_id` int(255) NOT NULL AUTO_INCREMENT,
  `customer_company` varchar(255) DEFAULT NULL,
  `customer_name` varchar(255) DEFAULT NULL,
  `customer_address` text,
  `customer_city` varchar(255) DEFAULT NULL,
  `customer_state` varchar(255) DEFAULT NULL,
  `customer_country` varchar(255) DEFAULT NULL,
  `customer_zipcode` int(5) DEFAULT NULL,
  `customer_phone` varchar(50) DEFAULT NULL,
  `customer_mobile` varchar(50) DEFAULT NULL,
  `customer_fax` varchar(50) DEFAULT NULL,
  `customer_email` varchar(255) DEFAULT NULL,
  `customer_remark` text,
  `customer_color` varchar(6) NOT NULL DEFAULT 'ffffff',
  `deleted` int(1) NOT NULL DEFAULT '0',
  `created_by` int(255) DEFAULT NULL,
  `modified_by` int(255) DEFAULT NULL,
  `created_on` datetime DEFAULT NULL,
  `modified_on` timestamp NOT NULL DEFAULT CURRENT_TIMESTAMP ON UPDATE CURRENT_TIMESTAMP,
  PRIMARY KEY (`customer_id`)
) ENGINE=InnoDB AUTO_INCREMENT=4 DEFAULT CHARSET=latin1;
/*!40101 SET character_set_client = @saved_cs_client */;

--
-- Dumping data for table `tbl_customer`
--

LOCK TABLES `tbl_customer` WRITE;
/*!40000 ALTER TABLE `tbl_customer` DISABLE KEYS */;
INSERT INTO `tbl_customer` VALUES (1,'LEMKRA','LEMKRA','Jalan Jend Sudirman 110','Jakarta','DKI Jakarta','Indonesia',123451,'021 75246963','081253784946','','mail@lemkra.com','','ff9999',0,NULL,NULL,NULL,'2015-02-02 12:52:17'),(2,'PHT','PHT','Jalan Imam Bonjol 54','Bekasi','Jawa Barat','Indonesia',62423,'021 56728673','081654369383','','mail@pht.com','','99ccff',1,NULL,NULL,NULL,'2015-02-02 18:53:32'),(3,'Tinamitra Mandiri','Shana','Jalan Tripang No. 14, Buah Batu','Bandung','Jawa Barat','Indonesia',40213,'021 123456754','081234567890','','shana@tinamitramandiri.com','Ok','ffffff',0,NULL,NULL,'2015-01-07 02:35:13','2015-01-06 11:35:13');
/*!40000 ALTER TABLE `tbl_customer` ENABLE KEYS */;
UNLOCK TABLES;

--
-- Table structure for table `tbl_exam`
--

DROP TABLE IF EXISTS `tbl_exam`;
/*!40101 SET @saved_cs_client     = @@character_set_client */;
/*!40101 SET character_set_client = utf8 */;
CREATE TABLE `tbl_exam` (
  `exam_id` int(255) NOT NULL AUTO_INCREMENT,
  `exam_subject_id` int(11) NOT NULL,
  `exam_title` varchar(255) NOT NULL,
  `deleted` int(1) NOT NULL DEFAULT '0',
  `created_by` int(255) DEFAULT NULL,
  `modified_by` int(255) DEFAULT NULL,
  `created_on` datetime DEFAULT NULL,
  `modified_on` timestamp NOT NULL DEFAULT CURRENT_TIMESTAMP ON UPDATE CURRENT_TIMESTAMP,
  PRIMARY KEY (`exam_id`)
) ENGINE=InnoDB AUTO_INCREMENT=8 DEFAULT CHARSET=latin1;
/*!40101 SET character_set_client = @saved_cs_client */;

--
-- Dumping data for table `tbl_exam`
--

LOCK TABLES `tbl_exam` WRITE;
/*!40000 ALTER TABLE `tbl_exam` DISABLE KEYS */;
INSERT INTO `tbl_exam` VALUES (1,16,'test title exam',0,NULL,NULL,'2015-05-05 06:29:05','2015-05-04 23:29:05'),(2,25,'aapa kabar SKLJ',0,NULL,NULL,'2015-05-05 06:29:26','2015-05-05 02:59:44'),(3,17,'gagaga',0,NULL,NULL,'2015-05-05 09:15:43','2015-05-05 02:15:43'),(4,22,'Operation dasar math',0,NULL,NULL,'2015-05-07 06:24:05','2015-05-06 23:24:05'),(5,13,'ukuran',0,NULL,NULL,'2015-05-07 10:30:01','2015-05-07 03:30:01'),(6,22,'Soal Latihan Materi',0,NULL,NULL,'2015-05-07 21:10:48','2015-05-07 14:10:48'),(7,29,'Soal soal',0,NULL,NULL,'2015-05-07 21:15:05','2015-05-07 14:15:05');
/*!40000 ALTER TABLE `tbl_exam` ENABLE KEYS */;
UNLOCK TABLES;

--
-- Table structure for table `tbl_lesson`
--

DROP TABLE IF EXISTS `tbl_lesson`;
/*!40101 SET @saved_cs_client     = @@character_set_client */;
/*!40101 SET character_set_client = utf8 */;
CREATE TABLE `tbl_lesson` (
  `lesson_id` int(255) NOT NULL AUTO_INCREMENT,
  `lesson_course_id` int(11) NOT NULL,
  `lesson_name` varchar(255) NOT NULL,
  `lesson_description` text,
  `lesson_teacher` int(11) DEFAULT NULL,
  `lesson_image` varchar(100) NOT NULL DEFAULT 'default.jpg',
  `deleted` int(1) NOT NULL DEFAULT '0',
  `created_by` int(255) DEFAULT NULL,
  `modified_by` int(255) DEFAULT NULL,
  `created_on` datetime DEFAULT NULL,
  `modified_on` timestamp NOT NULL DEFAULT CURRENT_TIMESTAMP ON UPDATE CURRENT_TIMESTAMP,
  PRIMARY KEY (`lesson_id`)
) ENGINE=InnoDB AUTO_INCREMENT=23 DEFAULT CHARSET=latin1;
/*!40101 SET character_set_client = @saved_cs_client */;

--
-- Dumping data for table `tbl_lesson`
--

LOCK TABLES `tbl_lesson` WRITE;
/*!40000 ALTER TABLE `tbl_lesson` DISABLE KEYS */;
INSERT INTO `tbl_lesson` VALUES (1,1,'Matematika','',NULL,'default.jpg',0,NULL,NULL,'2015-02-07 22:33:12','2015-03-08 15:10:02'),(2,1,'Bahasa Inggris','',NULL,'default.jpg',1,NULL,NULL,'2015-02-07 22:33:35','2015-04-23 12:59:08'),(3,1,'Bahasa Indonesia','',NULL,'default.jpg',0,NULL,NULL,'2015-02-07 22:33:45','2015-02-09 11:32:29'),(4,2,'Matematika','',NULL,'default.jpg',0,NULL,NULL,'2015-02-07 23:07:38','2015-03-08 15:09:46'),(5,2,'Biologi','',NULL,'default.jpg',1,NULL,NULL,'2015-02-07 23:07:49','2015-04-23 12:59:32'),(6,3,'Sejarah','Sejarah SLTA<br />\nbla bla bla',NULL,'default.jpg',1,NULL,NULL,'2015-02-08 12:04:21','2015-03-25 12:25:50'),(7,2,'Math','S',NULL,'default.jpg',1,NULL,NULL,'2015-02-09 18:31:36','2015-02-09 11:33:01'),(8,4,'Matematika','',NULL,'default.jpg',0,NULL,NULL,'2015-03-11 22:17:25','2015-03-11 15:17:25'),(9,6,'Kimia','',NULL,'default.jpg',0,NULL,NULL,'2015-03-15 18:40:40','2015-03-15 11:40:40'),(10,15,'Matematika','',NULL,'default.jpg',1,NULL,NULL,'2015-03-15 18:41:13','2015-04-12 06:31:07'),(11,7,'Biologi','',NULL,'default.jpg',0,NULL,NULL,'2015-03-15 21:18:58','2015-03-15 14:18:58'),(12,1,'Ilmu Pengetahuan Alam (IPA)','',NULL,'default.jpg',0,NULL,NULL,'2015-03-25 19:23:30','2015-04-06 12:17:34'),(13,9,'Bahasa Indonesia','',NULL,'default.jpg',0,NULL,NULL,'2015-03-25 19:24:47','2015-03-25 12:24:47'),(14,9,'Bahasa Indonesia','',NULL,'default.jpg',1,NULL,NULL,'2015-03-25 19:26:26','2015-04-06 12:13:40'),(15,9,'Bahasa Inggris','',NULL,'default.jpg',0,NULL,NULL,'2015-03-25 19:27:19','2015-03-25 12:27:19'),(16,10,'Ilmu Pengetahuan Alam','',NULL,'default.jpg',0,NULL,NULL,'2015-03-26 19:17:40','2015-03-26 12:17:38'),(17,9,'Matematika','',NULL,'default.jpg',0,NULL,NULL,'2015-04-06 19:15:08','2015-04-06 12:16:01'),(18,9,'Ilmu Pengetahuan Alam (IPA)','',NULL,'default.jpg',0,NULL,NULL,'2015-04-06 19:16:46','2015-04-06 12:16:46'),(19,9,'Agama Islam','',NULL,'default.jpg',1,NULL,NULL,'2015-04-12 06:48:12','2015-04-12 06:33:22'),(20,10,'Bahasa Inggris','',NULL,'default.jpg',0,NULL,NULL,'2015-04-12 13:35:59','2015-04-12 06:36:49'),(21,10,'Bahasa Indonesia','',NULL,'default.jpg',0,NULL,NULL,'2015-04-12 13:38:29','2015-04-12 06:38:29'),(22,16,'CSS3','css3',NULL,'default.jpg',0,NULL,NULL,'2015-06-04 00:54:37','2015-06-03 22:54:37');
/*!40000 ALTER TABLE `tbl_lesson` ENABLE KEYS */;
UNLOCK TABLES;

--
-- Table structure for table `tbl_media`
--

DROP TABLE IF EXISTS `tbl_media`;
/*!40101 SET @saved_cs_client     = @@character_set_client */;
/*!40101 SET character_set_client = utf8 */;
CREATE TABLE `tbl_media` (
  `media_id` int(255) NOT NULL AUTO_INCREMENT,
  `media_name` varchar(255) NOT NULL,
  `media_category` varchar(50) NOT NULL DEFAULT 'materi',
  `media_type` varchar(50) NOT NULL COMMENT 'file;video;audio',
  `media_file` varchar(50) DEFAULT '',
  `media_url` varchar(200) NOT NULL,
  `media_subject` int(11) NOT NULL DEFAULT '0',
  `media_course_id` int(11) NOT NULL DEFAULT '0',
  `media_lesson_id` int(11) NOT NULL DEFAULT '0',
  `filename` varchar(200) NOT NULL,
  `deleted` int(1) NOT NULL DEFAULT '0',
  `created_by` int(255) DEFAULT NULL,
  `modified_by` int(255) DEFAULT NULL,
  `created_on` datetime DEFAULT NULL,
  `modified_on` timestamp NOT NULL DEFAULT CURRENT_TIMESTAMP ON UPDATE CURRENT_TIMESTAMP,
  PRIMARY KEY (`media_id`)
) ENGINE=InnoDB AUTO_INCREMENT=15 DEFAULT CHARSET=latin1;
/*!40101 SET character_set_client = @saved_cs_client */;

--
-- Dumping data for table `tbl_media`
--

LOCK TABLES `tbl_media` WRITE;
/*!40000 ALTER TABLE `tbl_media` DISABLE KEYS */;
INSERT INTO `tbl_media` VALUES (2,'Kimia 10','materi','Materi - Multimedia','','http://lms.oneziz.com/media/20150216_10_LIST_USER1.zip',10,6,9,'20150216_10_LIST_USER1.zip',0,NULL,NULL,'2015-02-16 14:44:51','2015-04-29 15:34:00'),(5,'Dokumen Pendukung 1','materi','Materi - Multimedia','','http://lms.oneziz.com/media/20150216_10_Path.docx',10,1,3,'20150216_10_Path.docx',0,NULL,NULL,'2015-02-16 14:57:58','2015-04-29 15:33:35'),(6,'Materi Soal Jawab UAN','materi','Materi - Soal-Jawab UAN','','http://lms.oneziz.com/media/20150216_11_image[10].png',11,7,11,'20150216_11_image[10].png',0,NULL,NULL,'2015-02-16 15:27:55','2015-04-29 15:33:45'),(8,'Bab 1 - Bilangan dan Operasinya','materi','Materi - Bahan Dasar','','http://www.lms.oneziz.com/media/20150507__coba.jpg',13,2,4,'20150507__coba.jpg',0,NULL,NULL,'2015-04-25 18:11:13','2015-05-07 13:44:41'),(9,'Laporan Siswa Apr 2015','sumberdaya','Sumber Daya - Pemasaran','','http://www.lms.oneziz.com/media/20150425_17_Laporan_Daftar_Siswa_-_2015-03-22.pdf',17,0,0,'20150425_17_Laporan_Daftar_Siswa_-_2015-03-22.pdf',0,NULL,NULL,'2015-04-25 18:16:03','2015-04-29 14:35:37'),(10,'Media CRM Test','sumberdaya','Sumber Daya - CRM','','http://lms.oneziz.com/media/20150429__Sample_Materi.pdf',0,0,0,'20150429__Sample_Materi.pdf',0,NULL,NULL,'2015-04-29 21:47:27','2015-04-29 14:53:43'),(11,'test 30 april','materi','Materi - Bahan Dasar','','http://lms.oneziz.com/media/20150430__Sample_Materi.pdf',0,2,4,'20150430__Sample_Materi.pdf',0,NULL,NULL,'2015-04-30 21:21:24','2015-04-30 14:21:24'),(12,'Rencana','sumberdaya','Sumber Daya - Pemasaran','','http://www.lms.oneziz.com/media/20150430__PERJANJIAN_KERJASAMA_Pembuatan_Materi_Bimbel_Online_SLTA_IPA-_12Jan2015.docx',0,0,0,'20150430__PERJANJIAN_KERJASAMA_Pembuatan_Materi_Bimbel_Online_SLTA_IPA-_12Jan2015.docx',0,NULL,NULL,'2015-04-30 21:21:34','2015-04-30 14:21:34'),(13,'Rencong','materi','Materi - Materi Teori','','http://www.lms.oneziz.com/media/20150430__PERJANJIAN_KERJASAMA_WEBSITE.docx',0,6,9,'20150430__PERJANJIAN_KERJASAMA_WEBSITE.docx',0,NULL,NULL,'2015-04-30 21:22:38','2015-04-30 14:22:38'),(14,'tes upload gambar','materi','Materi - Bahan Dasar','','http://lms.oneziz.com/media/20150507__gambar.png',0,9,17,'20150507__gambar.png',0,NULL,NULL,'2015-05-07 20:41:24','2015-05-07 13:41:24');
/*!40000 ALTER TABLE `tbl_media` ENABLE KEYS */;
UNLOCK TABLES;

--
-- Table structure for table `tbl_news`
--

DROP TABLE IF EXISTS `tbl_news`;
/*!40101 SET @saved_cs_client     = @@character_set_client */;
/*!40101 SET character_set_client = utf8 */;
CREATE TABLE `tbl_news` (
  `news_id` int(255) NOT NULL AUTO_INCREMENT,
  `news_title` varchar(255) NOT NULL,
  `news_content` text,
  `news_date` date DEFAULT NULL,
  `news_category` int(11) NOT NULL DEFAULT '1',
  `deleted` int(1) NOT NULL DEFAULT '0',
  `created_by` int(255) DEFAULT NULL,
  `modified_by` int(255) DEFAULT NULL,
  `created_on` datetime DEFAULT NULL,
  `modified_on` timestamp NOT NULL DEFAULT CURRENT_TIMESTAMP ON UPDATE CURRENT_TIMESTAMP,
  PRIMARY KEY (`news_id`)
) ENGINE=InnoDB AUTO_INCREMENT=5 DEFAULT CHARSET=latin1;
/*!40101 SET character_set_client = @saved_cs_client */;

--
-- Dumping data for table `tbl_news`
--

LOCK TABLES `tbl_news` WRITE;
/*!40000 ALTER TABLE `tbl_news` DISABLE KEYS */;
INSERT INTO `tbl_news` VALUES (1,'News SLTPS','<h2><em><strong>Test saja koq</strong></em></h2>','2015-04-19',2,0,NULL,NULL,'2015-02-27 17:44:51','2015-04-30 15:48:09'),(2,'News','<ul>\n<li><strong style=\"font-family: Arial, Helvetica, sans; line-height: 14px; text-align: justify;\">Lorem Ipsum</strong><span style=\"font-family: Arial, Helvetica, sans; line-height: 14px; text-align: justify;\">&nbsp;is simply dummy text of the printing and typesetting industry. Lorem Ipsum has been the industry\'s standard dummy text ever since the 1500s, when an unknown printer took a galley of type and scrambled it to make a type specimen book. It has survived not only five centuries, but also the leap into electronic typesetting, remaining essentially unchanged. It was popularised in the 1960s with the release of Letraset sheets containing Lorem Ipsum passages, and more recently with desktop publishing software like Aldus PageMaker including versions of Lorem Ipsum.</span></li>\n</ul>','2015-02-28',1,0,NULL,NULL,'2015-02-28 16:12:43','2015-04-26 11:11:47'),(3,'Pembukaan ONEZIZ','<p>Hallo para pelajar dan orang tua murid di seluruh nusantara.</p>','2015-06-03',1,0,NULL,NULL,'2015-04-18 18:30:48','2015-04-26 11:11:30'),(4,'Coba','<p>njlnvaeh acdha kCNehic</p>\n<p>&nbsp;</p>\n<p>mczda ciJ ehIO</p>','2015-05-04',1,0,NULL,NULL,'2015-04-30 21:28:07','2015-04-30 14:28:36');
/*!40000 ALTER TABLE `tbl_news` ENABLE KEYS */;
UNLOCK TABLES;

--
-- Table structure for table `tbl_order`
--

DROP TABLE IF EXISTS `tbl_order`;
/*!40101 SET @saved_cs_client     = @@character_set_client */;
/*!40101 SET character_set_client = utf8 */;
CREATE TABLE `tbl_order` (
  `order_id` int(255) NOT NULL AUTO_INCREMENT,
  `order_student` int(255) NOT NULL,
  `order_course` int(11) NOT NULL,
  `order_date_start` date DEFAULT NULL,
  `order_date_end` date DEFAULT NULL,
  `order_price` varchar(30) NOT NULL DEFAULT '0',
  `order_pay_date` date DEFAULT NULL,
  `order_teller` int(11) DEFAULT NULL,
  `order_status` varchar(20) DEFAULT NULL,
  `deleted` int(1) NOT NULL DEFAULT '0',
  `created_by` int(255) DEFAULT NULL,
  `modified_by` int(255) DEFAULT NULL,
  `created_on` datetime DEFAULT NULL,
  `modified_on` timestamp NOT NULL DEFAULT CURRENT_TIMESTAMP ON UPDATE CURRENT_TIMESTAMP,
  PRIMARY KEY (`order_id`)
) ENGINE=InnoDB AUTO_INCREMENT=9 DEFAULT CHARSET=latin1;
/*!40101 SET character_set_client = @saved_cs_client */;

--
-- Dumping data for table `tbl_order`
--

LOCK TABLES `tbl_order` WRITE;
/*!40000 ALTER TABLE `tbl_order` DISABLE KEYS */;
INSERT INTO `tbl_order` VALUES (1,25,2,'2015-03-04','2015-03-06','1125000','2015-03-14',9,'1',0,NULL,NULL,'2015-03-04 11:18:14','2015-04-26 14:26:08'),(2,3,2,'2015-03-04','2015-03-06','7000','2015-03-06',6,'1',1,NULL,NULL,'2015-03-04 11:32:46','2015-03-04 04:32:54'),(4,20,7,'2015-08-03','2016-06-30','375000','2015-03-11',9,'1',0,NULL,NULL,'2015-03-11 22:47:57','2015-04-30 14:41:28'),(5,5,2,'2015-03-15','2016-03-15','1000000','2015-03-15',6,'1',1,NULL,NULL,'2015-03-15 09:17:20','2015-04-14 13:29:20'),(6,21,6,'2015-07-13','2015-10-30','375000','2015-07-31',27,'1',0,NULL,NULL,'2015-04-26 21:17:50','2015-04-30 14:40:47'),(7,23,1,'2015-05-04','2015-07-31','1125000','2015-05-04',17,'1',0,NULL,NULL,'2015-04-26 21:29:42','2015-04-26 14:29:42'),(8,22,10,'2015-05-11','2015-05-04','1000000','2015-05-07',27,'1',0,NULL,NULL,'2015-04-30 21:33:37','2015-04-30 14:42:36');
/*!40000 ALTER TABLE `tbl_order` ENABLE KEYS */;
UNLOCK TABLES;

--
-- Table structure for table `tbl_playquiz`
--

DROP TABLE IF EXISTS `tbl_playquiz`;
/*!40101 SET @saved_cs_client     = @@character_set_client */;
/*!40101 SET character_set_client = utf8 */;
CREATE TABLE `tbl_playquiz` (
  `playquiz_id` int(11) unsigned NOT NULL AUTO_INCREMENT,
  `playquiz_quiz_id` int(11) DEFAULT NULL,
  `playquiz_user_id` int(11) DEFAULT NULL,
  `playquiz_key` varchar(145) DEFAULT NULL,
  `answer` varchar(145) DEFAULT NULL,
  `deleted` int(1) NOT NULL DEFAULT '0',
  `created_on` datetime DEFAULT NULL,
  `status` int(11) DEFAULT NULL,
  PRIMARY KEY (`playquiz_id`)
) ENGINE=InnoDB AUTO_INCREMENT=120 DEFAULT CHARSET=latin1;
/*!40101 SET character_set_client = @saved_cs_client */;

--
-- Dumping data for table `tbl_playquiz`
--

LOCK TABLES `tbl_playquiz` WRITE;
/*!40000 ALTER TABLE `tbl_playquiz` DISABLE KEYS */;
INSERT INTO `tbl_playquiz` VALUES (1,1,1,'BHAykFGitT','a',1,'2015-04-16 14:18:49',1),(2,2,1,'BHAykFGitT','d',1,'2015-04-16 14:18:49',1),(3,1,1,'dR6o4zRs5r','a',1,'2015-04-16 14:19:09',1),(4,2,1,'dR6o4zRs5r','d',1,'2015-04-16 14:19:09',1),(5,1,1,'oG8YftDVL7','a',1,'2015-04-16 14:19:49',1),(6,2,1,'oG8YftDVL7','d',1,'2015-04-16 14:19:49',1),(7,3,1,'FftjDHmseW','c',1,'2015-04-19 20:33:40',1),(8,4,1,'FftjDHmseW','a',1,'2015-04-19 20:33:40',1),(9,6,1,'FftjDHmseW','c',1,'2015-04-19 20:33:40',2),(10,7,1,'FftjDHmseW','b',1,'2015-04-19 20:33:40',2),(11,1,1,'gdpnFRQvP0','a',1,'2015-04-20 13:42:35',1),(12,2,1,'gdpnFRQvP0','d',1,'2015-04-20 13:42:35',1),(13,1,1,'TDo9u7DzT0','a',1,'2015-04-20 13:47:22',1),(14,2,1,'TDo9u7DzT0','d',1,'2015-04-20 13:47:22',1),(15,3,1,'TkFtfcqMsZ','c',1,'2015-04-20 13:47:38',1),(16,4,1,'TkFtfcqMsZ','a',1,'2015-04-20 13:47:38',1),(17,6,1,'TkFtfcqMsZ','c',1,'2015-04-20 13:47:38',2),(18,7,1,'TkFtfcqMsZ','b',1,'2015-04-20 13:47:38',2),(19,1,1,'nudhhW5BZ3','a',1,'2015-04-21 06:30:16',1),(20,2,1,'nudhhW5BZ3','d',1,'2015-04-21 06:30:17',1),(21,3,1,'NmXHLN189f','c',1,'2015-04-21 06:35:52',1),(22,4,1,'NmXHLN189f','a',1,'2015-04-21 06:35:52',1),(23,6,1,'NmXHLN189f','c',1,'2015-04-21 06:35:52',2),(24,7,1,'NmXHLN189f','b',1,'2015-04-21 06:35:52',2),(25,3,1,'2ycvbBbZgx','c',1,'2015-04-21 09:03:18',1),(26,4,1,'2ycvbBbZgx','a',1,'2015-04-21 09:03:19',1),(27,6,1,'2ycvbBbZgx','c',1,'2015-04-21 09:03:19',2),(28,7,1,'2ycvbBbZgx','b',1,'2015-04-21 09:03:19',2),(29,1,1,'IlLxHwEFE1','a',1,'2015-04-21 09:39:59',1),(30,2,1,'IlLxHwEFE1','d',1,'2015-04-21 09:39:59',1),(31,1,1,'jvRBRxuOj0','a',1,'2015-04-21 12:58:40',1),(32,2,1,'jvRBRxuOj0','d',1,'2015-04-21 12:58:40',1),(33,3,1,'AdbxXWicDs','c',1,'2015-04-21 14:14:54',1),(34,4,1,'AdbxXWicDs','a',1,'2015-04-21 14:14:54',1),(35,6,1,'AdbxXWicDs','c',1,'2015-04-21 14:14:54',2),(36,7,1,'AdbxXWicDs','b',1,'2015-04-21 14:14:54',2),(37,5,1,'c7FgakITqV','a',1,'2015-04-21 14:15:19',1),(38,1,1,'ex7ba1rstC','a',1,'2015-04-21 14:15:36',1),(39,2,1,'ex7ba1rstC','d',1,'2015-04-21 14:15:36',1),(40,1,1,'QCXLspSPcY','a',1,'2015-04-21 14:43:57',1),(41,2,1,'QCXLspSPcY','d',1,'2015-04-21 14:43:57',1),(42,3,1,'rZyuBThUT0','c',1,'2015-04-21 15:19:50',1),(43,4,1,'rZyuBThUT0','a',1,'2015-04-21 15:19:50',1),(44,6,1,'rZyuBThUT0','c',1,'2015-04-21 15:19:50',2),(45,7,1,'rZyuBThUT0','b',1,'2015-04-21 15:19:50',2),(46,1,1,'kFB5RlCnjD','a',1,'2015-04-21 16:13:22',1),(47,2,1,'kFB5RlCnjD','d',1,'2015-04-21 16:13:22',1),(48,3,1,'3Ry1SjW0wf','c',1,'2015-04-21 21:32:12',1),(49,4,1,'3Ry1SjW0wf','a',1,'2015-04-21 21:32:12',1),(50,6,1,'3Ry1SjW0wf','c',1,'2015-04-21 21:32:12',2),(51,7,1,'3Ry1SjW0wf','b',1,'2015-04-21 21:32:12',2),(52,3,4,'64M4Iy93Zb','c',1,'2015-04-21 21:59:20',1),(53,4,4,'64M4Iy93Zb','a',1,'2015-04-21 21:59:20',1),(54,6,4,'64M4Iy93Zb','c',1,'2015-04-21 21:59:20',2),(55,7,4,'64M4Iy93Zb','b',1,'2015-04-21 21:59:20',2),(56,1,1,'0KOKUa3sJq','a',1,'2015-04-22 14:10:21',1),(57,2,1,'0KOKUa3sJq','d',1,'2015-04-22 14:10:21',1),(58,1,1,'KsqiSeGiHR','a',1,'2015-04-23 09:33:54',1),(59,2,1,'KsqiSeGiHR','d',1,'2015-04-23 09:33:54',1),(60,3,4,'jG6NiyrT9O','c',1,'2015-04-23 13:02:51',1),(61,4,4,'jG6NiyrT9O','a',1,'2015-04-23 13:02:51',1),(62,6,4,'jG6NiyrT9O','c',1,'2015-04-23 13:02:51',2),(63,7,4,'jG6NiyrT9O','b',1,'2015-04-23 13:02:51',2),(64,3,4,'yNHxYcc5EF','c',1,'2015-04-23 13:05:09',1),(65,4,4,'yNHxYcc5EF','a',1,'2015-04-23 13:05:09',1),(66,6,4,'yNHxYcc5EF','c',1,'2015-04-23 13:05:09',2),(67,7,4,'yNHxYcc5EF','b',1,'2015-04-23 13:05:09',2),(68,3,1,'m9Fmp7LPzB','c',1,'2015-04-23 13:42:21',1),(69,4,1,'m9Fmp7LPzB','a',1,'2015-04-23 13:42:21',1),(70,6,1,'m9Fmp7LPzB','c',1,'2015-04-23 13:42:22',2),(71,7,1,'m9Fmp7LPzB','b',1,'2015-04-23 13:42:22',2),(72,3,5,'MzsXoJMPFd','c',1,'2015-04-25 10:33:38',1),(73,4,5,'MzsXoJMPFd','a',1,'2015-04-25 10:33:39',1),(74,6,5,'MzsXoJMPFd','c',1,'2015-04-25 10:33:39',2),(75,7,5,'MzsXoJMPFd','b',1,'2015-04-25 10:33:40',2),(76,5,5,'CdJuHSoLnF','a',1,'2015-04-25 10:34:06',1),(77,3,7,'wbnEyslkxt','c',1,'2015-04-25 10:35:13',1),(78,4,7,'wbnEyslkxt','a',1,'2015-04-25 10:35:13',1),(79,6,7,'wbnEyslkxt','c',1,'2015-04-25 10:35:13',2),(80,7,7,'wbnEyslkxt','b',1,'2015-04-25 10:35:13',2),(81,1,1,'UlZ15JUam7','a',1,'2015-04-28 15:42:21',1),(82,2,1,'UlZ15JUam7','d',1,'2015-04-28 15:42:21',1),(83,3,4,'uc2lBVwe1V','c',1,'2015-05-03 16:19:19',1),(84,4,4,'uc2lBVwe1V','a',1,'2015-05-03 16:19:19',1),(85,6,4,'uc2lBVwe1V','c',1,'2015-05-03 16:19:19',2),(86,7,4,'uc2lBVwe1V','b',1,'2015-05-03 16:19:19',2),(87,7,1,'GIZDLhQKAA','b',1,'2015-05-07 14:37:11',2),(88,10,1,'GIZDLhQKAA','a',1,'2015-05-07 14:37:11',1),(89,1,1,'JdaJQV0HGB','a',1,'2015-05-07 14:37:37',1),(90,2,1,'JdaJQV0HGB','d',1,'2015-05-07 14:37:37',1),(91,6,1,'JdaJQV0HGB','c',1,'2015-05-07 14:37:37',2),(92,3,1,'5LhNWOEN6m','c',1,'2015-05-07 20:38:33',1),(93,9,1,'5LhNWOEN6m','c',1,'2015-05-07 20:38:33',1),(94,11,1,'5LhNWOEN6m','a',1,'2015-05-07 20:38:33',1),(95,12,1,'5LhNWOEN6m','a',1,'2015-05-07 20:38:33',2),(96,7,1,'fmxzz3RLek','b',0,'2015-05-09 10:58:51',2),(97,10,1,'fmxzz3RLek','a',0,'2015-05-09 10:58:51',1),(98,1,1,'jLS6cn14IO','a',1,'2015-05-09 10:59:02',1),(99,2,1,'jLS6cn14IO','d',1,'2015-05-09 10:59:02',1),(100,6,1,'jLS6cn14IO','c',1,'2015-05-09 10:59:02',2),(101,4,1,'WCJu20ymUC','a',1,'2015-05-09 10:59:13',1),(102,5,1,'WCJu20ymUC','a',1,'2015-05-09 10:59:13',1),(103,8,1,'WCJu20ymUC','a',1,'2015-05-09 10:59:13',2),(104,7,1,'78Bh61B8c3','b',1,'2015-05-09 11:03:49',2),(105,10,1,'78Bh61B8c3','a',1,'2015-05-09 11:03:50',1),(106,7,4,'LEKCC1n8NC','b',0,'2015-05-15 21:56:56',2),(107,10,4,'LEKCC1n8NC','a',0,'2015-05-15 21:56:57',1),(108,7,4,'MlgA7w2Rhs','b',0,'2015-05-15 21:58:03',2),(109,10,4,'MlgA7w2Rhs','a',0,'2015-05-15 21:58:04',1),(110,1,1,'2jxRblsgth','a',1,'2015-05-22 10:25:00',1),(111,2,1,'2jxRblsgth','d',1,'2015-05-22 10:25:00',1),(112,6,1,'2jxRblsgth','c',1,'2015-05-22 10:25:00',2),(113,1,1,'Qgc7w7A5Sj','a',1,'2015-05-22 10:26:35',1),(114,2,1,'Qgc7w7A5Sj','d',1,'2015-05-22 10:26:35',1),(115,6,1,'Qgc7w7A5Sj','c',1,'2015-05-22 10:26:35',2),(116,7,1,'THs5PZcq44','b',0,'2015-05-22 10:28:06',2),(117,10,1,'THs5PZcq44','a',0,'2015-05-22 10:28:06',1),(118,7,1,'JYZmrLcfZh','b',1,'2015-05-22 10:28:14',2),(119,10,1,'JYZmrLcfZh','a',1,'2015-05-22 10:28:14',1);
/*!40000 ALTER TABLE `tbl_playquiz` ENABLE KEYS */;
UNLOCK TABLES;

--
-- Table structure for table `tbl_province`
--

DROP TABLE IF EXISTS `tbl_province`;
/*!40101 SET @saved_cs_client     = @@character_set_client */;
/*!40101 SET character_set_client = utf8 */;
CREATE TABLE `tbl_province` (
  `province_id` int(255) NOT NULL AUTO_INCREMENT,
  `province_name` varchar(255) NOT NULL,
  `deleted` int(1) NOT NULL DEFAULT '0',
  `created_by` int(255) DEFAULT NULL,
  `modified_by` int(255) DEFAULT NULL,
  `created_on` datetime DEFAULT NULL,
  `modified_on` timestamp NOT NULL DEFAULT CURRENT_TIMESTAMP ON UPDATE CURRENT_TIMESTAMP,
  PRIMARY KEY (`province_id`)
) ENGINE=InnoDB AUTO_INCREMENT=38 DEFAULT CHARSET=latin1;
/*!40101 SET character_set_client = @saved_cs_client */;

--
-- Dumping data for table `tbl_province`
--

LOCK TABLES `tbl_province` WRITE;
/*!40000 ALTER TABLE `tbl_province` DISABLE KEYS */;
INSERT INTO `tbl_province` VALUES (1,'Bali',0,1,1,'2015-02-07 00:00:00','2015-02-07 12:58:48'),(2,'Bangka Belitung',0,1,1,'2015-02-07 00:00:00','2015-02-06 17:00:00'),(3,'Banten',0,1,1,'2015-02-07 00:00:00','2015-02-06 17:00:00'),(4,'Bengkulu',0,1,1,'2015-02-07 00:00:00','2015-02-06 17:00:00'),(5,'DI Yogyakarta',0,1,1,'2015-02-07 00:00:00','2015-02-06 17:00:00'),(6,'DKI Jakarta',0,1,1,'2015-02-07 00:00:00','2015-02-06 17:00:00'),(7,'Gorontalo',0,1,1,'2015-02-07 00:00:00','2015-02-06 17:00:00'),(8,'Jambi',0,1,1,'2015-02-07 00:00:00','2015-02-06 17:00:00'),(9,'Jawa Barat',0,1,1,'2015-02-07 00:00:00','2015-02-06 17:00:00'),(10,'Jawa Tengah',0,1,1,'2015-02-07 00:00:00','2015-02-06 17:00:00'),(11,'Jawa Timur',0,1,1,'2015-02-07 00:00:00','2015-02-06 17:00:00'),(12,'Kalimantan Barat',0,1,1,'2015-02-07 00:00:00','2015-02-06 17:00:00'),(13,'Kalimantan Selatan',0,1,1,'2015-02-07 00:00:00','2015-02-06 17:00:00'),(14,'Kalimantan Tengah',0,1,1,'2015-02-07 00:00:00','2015-02-06 17:00:00'),(15,'Kalimantan Timur',0,1,1,'2015-02-07 00:00:00','2015-02-06 17:00:00'),(16,'Kalimantan Utara',0,1,1,'2015-02-07 00:00:00','2015-02-06 17:00:00'),(17,'Kepulauan Riau',0,1,1,'2015-02-07 00:00:00','2015-02-06 17:00:00'),(18,'Lampung',0,1,1,'2015-02-07 00:00:00','2015-02-06 17:00:00'),(19,'Maluku',0,1,1,'2015-02-07 00:00:00','2015-02-06 17:00:00'),(20,'Maluku Utara',0,1,1,'2015-02-07 00:00:00','2015-02-06 17:00:00'),(21,'Nanggroe Aceh Darussalam (NAD)',0,1,1,'2015-02-07 00:00:00','2015-02-06 17:00:00'),(22,'Nusa Tenggara Barat (NTB)',0,1,1,'2015-02-07 00:00:00','2015-02-06 17:00:00'),(23,'Nusa Tenggara Timur (NTT)',0,1,1,'2015-02-07 00:00:00','2015-02-06 17:00:00'),(24,'Papua',0,1,1,'2015-02-07 00:00:00','2015-02-06 17:00:00'),(25,'Papua Barat',0,1,1,'2015-02-07 00:00:00','2015-02-06 17:00:00'),(26,'Riau',0,1,1,'2015-02-07 00:00:00','2015-02-06 17:00:00'),(27,'Sulawesi Barat',0,1,1,'2015-02-07 00:00:00','2015-02-06 17:00:00'),(28,'Sulawesi Selatan',0,1,1,'2015-02-07 00:00:00','2015-02-06 17:00:00'),(29,'Sulawesi Tengah',0,1,1,'2015-02-07 00:00:00','2015-02-06 17:00:00'),(30,'Sulawesi Tenggara',0,1,1,'2015-02-07 00:00:00','2015-02-06 17:00:00'),(31,'Sulawesi Utara',0,1,1,'2015-02-07 00:00:00','2015-02-06 17:00:00'),(32,'Sumatera Barat',0,1,1,'2015-02-07 00:00:00','2015-02-06 17:00:00'),(33,'Sumatera Selatan',0,1,1,'2015-02-07 00:00:00','2015-02-06 17:00:00'),(34,'Sumatera Utara',0,1,1,'2015-02-07 00:00:00','2015-02-06 17:00:00'),(35,'Balij',1,NULL,NULL,'2015-02-07 19:58:08','2015-02-07 12:58:18'),(36,'Sumatra Barat',1,NULL,NULL,'2015-02-09 18:24:43','2015-02-09 11:25:12'),(37,'Aceh',1,NULL,NULL,'2015-03-07 22:42:07','2015-03-07 15:42:33');
/*!40000 ALTER TABLE `tbl_province` ENABLE KEYS */;
UNLOCK TABLES;

--
-- Table structure for table `tbl_quiz`
--

DROP TABLE IF EXISTS `tbl_quiz`;
/*!40101 SET @saved_cs_client     = @@character_set_client */;
/*!40101 SET character_set_client = utf8 */;
CREATE TABLE `tbl_quiz` (
  `quiz_id` int(255) NOT NULL AUTO_INCREMENT,
  `quiz_subject_id` int(255) NOT NULL,
  `quiz_exam_id` int(255) NOT NULL,
  `quiz_question` text,
  `quiz_answer_a` text,
  `quiz_answer_b` text,
  `quiz_answer_c` text,
  `quiz_answer_d` text,
  `quiz_answer_e` text,
  `quiz_answer` varchar(1) DEFAULT NULL,
  `quiz_solution` text,
  `deleted` int(1) NOT NULL DEFAULT '0',
  `created_by` int(255) DEFAULT NULL,
  `modified_by` int(255) DEFAULT NULL,
  `created_on` datetime DEFAULT NULL,
  `modified_on` timestamp NOT NULL DEFAULT CURRENT_TIMESTAMP ON UPDATE CURRENT_TIMESTAMP,
  PRIMARY KEY (`quiz_id`)
) ENGINE=InnoDB AUTO_INCREMENT=16 DEFAULT CHARSET=latin1;
/*!40101 SET character_set_client = @saved_cs_client */;

--
-- Dumping data for table `tbl_quiz`
--

LOCK TABLES `tbl_quiz` WRITE;
/*!40000 ALTER TABLE `tbl_quiz` DISABLE KEYS */;
INSERT INTO `tbl_quiz` VALUES (1,13,0,'<p>Siapakah Presiden R1 Pertama ?</p>','<p>Bj Habibie</p>','<p>Suharto</p>','<p>Sukarno</p>','<p>Megawati</p>','<p>Semua salah</p>','c','<p>ini pembahasan nya..............</p>',0,NULL,NULL,'2015-02-17 17:36:49','2015-05-06 03:48:59'),(2,13,0,'<p>Siapakah Presiden RI ke 8 ?</p>','<p>Abraham Samad</p>','<p>Bambang Wijayanto</p>','<p>Jokowi</p>','<p>Fikri Wirawan</p>','<p>Semua Benar</p>','e','<p>lllllllllllllllll</p>',0,NULL,NULL,'2015-02-17 17:38:35','2015-05-06 03:49:25'),(3,22,4,'<p>asdasdasdasd</p>\n<p>&nbsp;<math xmlns=\"http://www.w3.org/1998/Math/MathML\"><mfrac bevelled=\"true\"><mn>1</mn><mn>2</mn></mfrac></math></p>','<p>a</p>','<p>b</p>','<p>c</p>','<p>d</p>','<p>e</p>','a','<p style=\"text-align: left;\">lihat wikee</p>',0,NULL,NULL,'2015-02-20 05:13:29','2015-05-07 03:28:58'),(4,16,1,'<p style=\"text-align: left;\">Rumus apa ini&nbsp;</p>\n<p style=\"text-align: left;\"><math xmlns=\"http://www.w3.org/1998/Math/MathML\"><mroot><msqrt><mfrac><mrow><mo>&#8734;</mo><mi>&#960;</mi></mrow><mrow/></mfrac></msqrt><mrow/></mroot></math></p>','<p style=\"text-align: left;\">tak tau</p>','<p style=\"text-align: left;\">dfddfdfsf</p>','<p style=\"text-align: left;\"><math xmlns=\"http://www.w3.org/1998/Math/MathML\"><mroot><mfrac bevelled=\"true\"><mrow/><mrow/></mfrac><mrow/></mroot></math></p>\n<p style=\"text-align: left;\">lll</p>','<p><math xmlns=\"http://www.w3.org/1998/Math/MathML\"><mroot><mrow/><mrow/></mroot></math>kk</p>','<p style=\"text-align: left;\">gfdgdg</p>','c','<p style=\"text-align: left;\">gfgfdgdfgdgg</p>\n<p style=\"text-align: left;\">gfd<em><strong>gdfgdfgdfgfdgfgdgd</strong></em>fg</p>',0,NULL,NULL,'2015-02-22 12:03:36','2015-05-06 23:26:16'),(5,16,2,'<p>ki</p>\n<p><math xmlns=\"http://www.w3.org/1998/Math/MathML\"><msqrt><mroot><mfrac bevelled=\"true\"><mstyle displaystyle=\"true\"><mfrac><mfenced open=\"{\" close=\"\"><mtable columnalign=\"left\"><mtr><mtd><mfenced open=\"{\" close=\"\"><mtable columnspacing=\"1.4ex\" columnalign=\"left\"><mtr><mtd/><mtd/></mtr><mtr><mtd/><mtd/></mtr></mtable></mfenced></mtd></mtr><mtr><mtd/></mtr></mtable></mfenced><mrow/></mfrac></mstyle><mrow/></mfrac><mrow/></mroot></msqrt></math></p>','<p style=\"text-align: left;\">ab..<math xmlns=\"http://www.w3.org/1998/Math/MathML\"><mroot><mrow/><mrow/></mroot></math></p>','<p style=\"text-align: left;\">dsadasdasd</p>\n<p style=\"text-align: left;\">sadsadasdasd<math xmlns=\"http://www.w3.org/1998/Math/MathML\"><mo>&#8834;</mo><mo>&#8712;</mo><mn>45</mn><mspace linebreak=\"newline\"/></math></p>','<p style=\"text-align: left;\"><math xmlns=\"http://www.w3.org/1998/Math/MathML\"><mn>32323</mn><mroot><mrow><mn>432432</mn><msub><mfenced open=\"|\" close=\"|\"><mrow><mo>&#215;</mo><mn>4324</mn><mo>+</mo><mn>432432</mn></mrow></mfenced><mrow/></msub></mrow><mrow/></mroot></math></p>\n<p style=\"text-align: left;\">jj</p>','<p style=\"text-align: left;\">test</p>','<p style=\"text-align: left;\"><math xmlns=\"http://www.w3.org/1998/Math/MathML\"><mn mathvariant=\"bold-italic\">322323</mn><mo mathvariant=\"bold-italic\">&#215;</mo><mo mathvariant=\"bold-italic\">&#8712;</mo><mfenced><mfenced open=\"|\" close=\"|\"><mrow/></mfenced></mfenced></math></p>','e','<p style=\"text-align: left;\"><math xmlns=\"http://www.w3.org/1998/Math/MathML\"><msqrt><mfrac><mrow/><mrow/></mfrac></msqrt></math></p>',0,NULL,NULL,'2015-02-22 12:09:45','2015-05-06 10:30:32'),(6,13,5,'<p>Berapa hasil akhir perkalian di bawah ini ?</p>\n<p><math xmlns=\"http://www.w3.org/1998/Math/MathML\"><msqrt><mn>9</mn><mo>&#160;</mo><mi>x</mi><mo>&#160;</mo><mn>64</mn></msqrt></math>&nbsp;+&nbsp;<math xmlns=\"http://www.w3.org/1998/Math/MathML\"><mfrac bevelled=\"true\"><mrow><mn>27</mn><mo>/</mo><mn>3</mn><mi>x</mi><mn>2</mn></mrow><mrow><mn>210</mn><mi>x</mi><mn>3</mn><mo>/</mo><mn>9</mn></mrow></mfrac></math></p>','<p>25</p>','<p>33</p>','<p>24,26</p>','<p>17,81</p>','<p>53</p>','c','<p><math xmlns=\"http://www.w3.org/1998/Math/MathML\"><msqrt><mn>9</mn><mo>&#160;</mo><mi>x</mi><mo>&#160;</mo><mn>64</mn></msqrt></math>&nbsp;+&nbsp;<math xmlns=\"http://www.w3.org/1998/Math/MathML\"><mfrac bevelled=\"true\"><mrow><mn>27</mn><mo>/</mo><mn>3</mn><mi>x</mi><mn>2</mn></mrow><mrow><mn>210</mn><mi>x</mi><mn>3</mn><mo>/</mo><mn>9</mn></mrow></mfrac></math>&nbsp;</p>\n<p>= 24 + 18/70</p>\n<p>= 24 + 0,26 = 24,26</p>',0,NULL,NULL,'2015-03-08 16:38:42','2015-05-07 03:30:13'),(7,10,0,'<p>Berapa nilai matematika berikut ?</p>\n<p><math xmlns=\"http://www.w3.org/1998/Math/MathML\"><msqrt><msqrt><msqrt><mn>6561</mn></msqrt></msqrt></msqrt><mo>&#160;</mo><mo>&#215;</mo><mo>&#160;</mo><mfrac bevelled=\"true\"><mn>1</mn><mrow><mn>3</mn><mo>&#160;</mo><mo>&#160;</mo><mo>+</mo><mo>&#160;</mo></mrow></mfrac><mfrac><mrow><msup><mn>5</mn><mn>2</mn></msup><mo>&#160;</mo><mo>+</mo><mo>&#160;</mo><mroot><mn>81</mn><mn>3</mn></mroot></mrow><mi mathvariant=\"normal\">&#960;</mi></mfrac></math></p>','<p>34</p>','<p>21</p>','<p>14</p>','<p>74</p>','<p>27</p>','b','<p>njlhec jeiucqe jijey</p>',0,NULL,NULL,'2015-03-08 21:52:08','2015-03-08 14:52:08'),(8,16,3,'<p><math xmlns=\"http://www.w3.org/1998/Math/MathML\"><msqrt><mroot><msqrt><mfrac bevelled=\"true\"><mrow/><mrow/></mfrac></msqrt><mrow/></mroot></msqrt></math></p>\n<p><math xmlns=\"http://www.w3.org/1998/Math/MathML\"><mo>&#8751;</mo><mo>&#8750;</mo><mo>&#8747;</mo><mo>&#8748;</mo></math></p>','<p><math xmlns=\"http://www.w3.org/1998/Math/MathML\"><mo>&#8734;</mo><mo>&#8734;</mo><mo>&#8709;</mo><mo>&#8804;</mo><mo>&#8805;</mo><mfenced open=\"[\" close=\"]\"><mrow><mo>&#8734;</mo><mo>&#8710;</mo><msup><mo>&#8711;</mo><mrow/></msup></mrow></mfenced></math></p>','<p><math xmlns=\"http://www.w3.org/1998/Math/MathML\"><mroot><mfrac bevelled=\"true\"><mstyle displaystyle=\"true\"><mfrac><msqrt><mfenced><mo>&#8230;</mo></mfenced></msqrt><mrow/></mfrac></mstyle><mrow/></mfrac><mrow/></mroot></math></p>','<p><math xmlns=\"http://www.w3.org/1998/Math/MathML\"><msup><mfenced><mrow><mi>&#952;</mi><mi>&#982;</mi><mi>&#982;</mi><mi>&#982;</mi><mi>&#982;</mi></mrow></mfenced><mrow/></msup></math></p>','<p><math xmlns=\"http://www.w3.org/1998/Math/MathML\"><msqrt><mroot><mfenced open=\"|\" close=\"|\"><mrow><mo>-</mo><mfenced open=\"{\" close=\"\"><mtable columnalign=\"left\"><mtr><mtd><mfenced open=\"{\" close=\"\"><mtable columnspacing=\"1.4ex\" columnalign=\"left\"><mtr><mtd><mfenced open=\"{\" close=\"\"><mtable columnspacing=\"1.4ex\" columnalign=\"left\"><mtr><mtd/><mtd/></mtr><mtr><mtd/><mtd/></mtr></mtable></mfenced></mtd><mtd/></mtr><mtr><mtd/><mtd/></mtr></mtable></mfenced></mtd></mtr><mtr><mtd/></mtr></mtable></mfenced></mrow></mfenced><mrow/></mroot></msqrt></math></p>\n<p>fdff</p>','<p><math xmlns=\"http://www.w3.org/1998/Math/MathML\"><msqrt><mroot><mrow><mi>d</mi><mi>s</mi><mi>d</mi><mfenced open=\"|\" close=\"|\"><mfenced><mn>3213</mn></mfenced></mfenced></mrow><mrow/></mroot></msqrt></math></p>','a','<p>dsfdsfsdfsdfd<math xmlns=\"http://www.w3.org/1998/Math/MathML\"><msub><mo>&#8719;</mo><mrow/></msub><msub><mo>&#8721;</mo><mrow/></msub><msubsup><mo>&#8721;</mo><mrow/><mrow/></msubsup><munder><mo>&#8719;</mo><mrow/></munder><msub><mo largeop=\"true\">&#8746;</mo><mrow/></msub></math></p>',0,NULL,NULL,'2015-04-23 14:06:25','2015-05-06 10:30:14'),(9,22,0,'<p>Bilangan operasional quiz soal</p>\n<p><math xmlns=\"http://www.w3.org/1998/Math/MathML\"><mroot><msub><maction actiontype=\"argument\"><mrow/></maction><mrow/></msub><mrow/></mroot></math></p>','<p>fsdfsdf</p>','<p>fdsfs</p>','<p>fdsfdfdf</p>','<p>fdsfd</p>','<p>gfgfdgdfg</p>','d','<p>34243243243</p>',0,NULL,NULL,'2015-05-06 10:48:07','2015-05-06 03:48:07'),(10,10,2,'<p>Al jabarrrrrrrrrrrrrrrrrrrrrrrrrrrrrrrrrrrrrrrrrrrrrrrrr</p>','<p>Al jabarrrrrrrrrrrrrrrrrrrrrrrrrrrrrrrrrrrrrrrrrrrrrrrrr</p>','<p>Al jabarrrrrrrrrrrrrrrrrrrrrrrrrrrrrrrrrrrrrrrrrrrrrrrrr</p>','<p>Al jabarrrrrrrrrrrrrrrrrrrrrrrrrrrrrrrrrrrrrrrrrrrrrrrrr</p>','<p>Al jabarrrrrrrrrrrrrrrrrrrrrrrrrrrrrrrrrrrrrrrrrrrrrrrrr</p>','<p>Al jabarrrrrrrrrrrrrrrrrrrrrrrrrrrrrrrrrrrrrrrrrrrrrrrrr</p>','d','<p>Al jabarrrrrrrrrrrrrrrrrrrrrrrrrrrrrrrrrrrrrrrrrrrrrrrrr</p>',0,NULL,NULL,'2015-05-06 17:31:21','2015-05-06 10:31:21'),(11,22,4,'<p>Math</p>\n<p>&nbsp;</p>','<p>Math</p>\n<p>&nbsp;</p>','<p>Math</p>\n<p>&nbsp;</p>','<p>Math</p>\n<p>&nbsp;</p>','<p>Math</p>\n<p>&nbsp;</p>','<p>Math</p>\n<p>&nbsp;</p>','c','<p>Math</p>\n<p>&nbsp;</p>',0,NULL,NULL,'2015-05-07 06:25:14','2015-05-06 23:25:14'),(12,22,4,'<p><!-- [if gte mso 9]><xml>\n <w:WordDocument>\n  <w:View>Normal</w:View>\n  <w:Zoom>0</w:Zoom>\n  <w:TrackMoves/>\n  <w:TrackFormatting/>\n  <w:PunctuationKerning/>\n  <w:ValidateAgainstSchemas/>\n  <w:SaveIfXMLInvalid>false</w:SaveIfXMLInvalid>\n  <w:IgnoreMixedContent>false</w:IgnoreMixedContent>\n  <w:AlwaysShowPlaceholderText>false</w:AlwaysShowPlaceholderText>\n  <w:DoNotPromoteQF/>\n  <w:LidThemeOther>EN-US</w:LidThemeOther>\n  <w:LidThemeAsian>X-NONE</w:LidThemeAsian>\n  <w:LidThemeComplexScript>X-NONE</w:LidThemeComplexScript>\n  <w:Compatibility>\n   <w:BreakWrappedTables/>\n   <w:SnapToGridInCell/>\n   <w:WrapTextWithPunct/>\n   <w:UseAsianBreakRules/>\n   <w:DontGrowAutofit/>\n   <w:SplitPgBreakAndParaMark/>\n   <w:EnableOpenTypeKerning/>\n   <w:DontFlipMirrorIndents/>\n   <w:OverrideTableStyleHps/>\n  </w:Compatibility>\n  <m:mathPr>\n   <m:mathFont m:val=\"Cambria Math\"/>\n   <m:brkBin m:val=\"before\"/>\n   <m:brkBinSub m:val=\"&#45;-\"/>\n   <m:smallFrac m:val=\"off\"/>\n   <m:dispDef/>\n   <m:lMargin m:val=\"0\"/>\n   <m:rMargin m:val=\"0\"/>\n   <m:defJc m:val=\"centerGroup\"/>\n   <m:wrapIndent m:val=\"1440\"/>\n   <m:intLim m:val=\"subSup\"/>\n   <m:naryLim m:val=\"undOvr\"/>\n  </m:mathPr></w:WordDocument>\n</xml><![endif]--></p>\n<p><!-- [if gte mso 9]><xml>\n <w:LatentStyles DefLockedState=\"false\" DefUnhideWhenUsed=\"true\"\n  DefSemiHidden=\"true\" DefQFormat=\"false\" DefPriority=\"99\"\n  LatentStyleCount=\"267\">\n  <w:LsdException Locked=\"false\" Priority=\"0\" SemiHidden=\"false\"\n   UnhideWhenUsed=\"false\" QFormat=\"true\" Name=\"Normal\"/>\n  <w:LsdException Locked=\"false\" Priority=\"9\" SemiHidden=\"false\"\n   UnhideWhenUsed=\"false\" QFormat=\"true\" Name=\"heading 1\"/>\n  <w:LsdException Locked=\"false\" Priority=\"9\" QFormat=\"true\" Name=\"heading 2\"/>\n  <w:LsdException Locked=\"false\" Priority=\"9\" QFormat=\"true\" Name=\"heading 3\"/>\n  <w:LsdException Locked=\"false\" Priority=\"9\" QFormat=\"true\" Name=\"heading 4\"/>\n  <w:LsdException Locked=\"false\" Priority=\"9\" QFormat=\"true\" Name=\"heading 5\"/>\n  <w:LsdException Locked=\"false\" Priority=\"9\" QFormat=\"true\" Name=\"heading 6\"/>\n  <w:LsdException Locked=\"false\" Priority=\"9\" QFormat=\"true\" Name=\"heading 7\"/>\n  <w:LsdException Locked=\"false\" Priority=\"9\" QFormat=\"true\" Name=\"heading 8\"/>\n  <w:LsdException Locked=\"false\" Priority=\"9\" QFormat=\"true\" Name=\"heading 9\"/>\n  <w:LsdException Locked=\"false\" Priority=\"39\" Name=\"toc 1\"/>\n  <w:LsdException Locked=\"false\" Priority=\"39\" Name=\"toc 2\"/>\n  <w:LsdException Locked=\"false\" Priority=\"39\" Name=\"toc 3\"/>\n  <w:LsdException Locked=\"false\" Priority=\"39\" Name=\"toc 4\"/>\n  <w:LsdException Locked=\"false\" Priority=\"39\" Name=\"toc 5\"/>\n  <w:LsdException Locked=\"false\" Priority=\"39\" Name=\"toc 6\"/>\n  <w:LsdException Locked=\"false\" Priority=\"39\" Name=\"toc 7\"/>\n  <w:LsdException Locked=\"false\" Priority=\"39\" Name=\"toc 8\"/>\n  <w:LsdException Locked=\"false\" Priority=\"39\" Name=\"toc 9\"/>\n  <w:LsdException Locked=\"false\" Priority=\"35\" QFormat=\"true\" Name=\"caption\"/>\n  <w:LsdException Locked=\"false\" Priority=\"10\" SemiHidden=\"false\"\n   UnhideWhenUsed=\"false\" QFormat=\"true\" Name=\"Title\"/>\n  <w:LsdException Locked=\"false\" Priority=\"1\" Name=\"Default Paragraph Font\"/>\n  <w:LsdException Locked=\"false\" Priority=\"11\" SemiHidden=\"false\"\n   UnhideWhenUsed=\"false\" QFormat=\"true\" Name=\"Subtitle\"/>\n  <w:LsdException Locked=\"false\" Priority=\"22\" SemiHidden=\"false\"\n   UnhideWhenUsed=\"false\" QFormat=\"true\" Name=\"Strong\"/>\n  <w:LsdException Locked=\"false\" Priority=\"20\" SemiHidden=\"false\"\n   UnhideWhenUsed=\"false\" QFormat=\"true\" Name=\"Emphasis\"/>\n  <w:LsdException Locked=\"false\" Priority=\"59\" SemiHidden=\"false\"\n   UnhideWhenUsed=\"false\" Name=\"Table Grid\"/>\n  <w:LsdException Locked=\"false\" UnhideWhenUsed=\"false\" Name=\"Placeholder Text\"/>\n  <w:LsdException Locked=\"false\" Priority=\"1\" SemiHidden=\"false\"\n   UnhideWhenUsed=\"false\" QFormat=\"true\" Name=\"No Spacing\"/>\n  <w:LsdException Locked=\"false\" Priority=\"60\" SemiHidden=\"false\"\n   UnhideWhenUsed=\"false\" Name=\"Light Shading\"/>\n  <w:LsdException Locked=\"false\" Priority=\"61\" SemiHidden=\"false\"\n   UnhideWhenUsed=\"false\" Name=\"Light List\"/>\n  <w:LsdException Locked=\"false\" Priority=\"62\" SemiHidden=\"false\"\n   UnhideWhenUsed=\"false\" Name=\"Light Grid\"/>\n  <w:LsdException Locked=\"false\" Priority=\"63\" SemiHidden=\"false\"\n   UnhideWhenUsed=\"false\" Name=\"Medium Shading 1\"/>\n  <w:LsdException Locked=\"false\" Priority=\"64\" SemiHidden=\"false\"\n   UnhideWhenUsed=\"false\" Name=\"Medium Shading 2\"/>\n  <w:LsdException Locked=\"false\" Priority=\"65\" SemiHidden=\"false\"\n   UnhideWhenUsed=\"false\" Name=\"Medium List 1\"/>\n  <w:LsdException Locked=\"false\" Priority=\"66\" SemiHidden=\"false\"\n   UnhideWhenUsed=\"false\" Name=\"Medium List 2\"/>\n  <w:LsdException Locked=\"false\" Priority=\"67\" SemiHidden=\"false\"\n   UnhideWhenUsed=\"false\" Name=\"Medium Grid 1\"/>\n  <w:LsdException Locked=\"false\" Priority=\"68\" SemiHidden=\"false\"\n   UnhideWhenUsed=\"false\" Name=\"Medium Grid 2\"/>\n  <w:LsdException Locked=\"false\" Priority=\"69\" SemiHidden=\"false\"\n   UnhideWhenUsed=\"false\" Name=\"Medium Grid 3\"/>\n  <w:LsdException Locked=\"false\" Priority=\"70\" SemiHidden=\"false\"\n   UnhideWhenUsed=\"false\" Name=\"Dark List\"/>\n  <w:LsdException Locked=\"false\" Priority=\"71\" SemiHidden=\"false\"\n   UnhideWhenUsed=\"false\" Name=\"Colorful Shading\"/>\n  <w:LsdException Locked=\"false\" Priority=\"72\" SemiHidden=\"false\"\n   UnhideWhenUsed=\"false\" Name=\"Colorful List\"/>\n  <w:LsdException Locked=\"false\" Priority=\"73\" SemiHidden=\"false\"\n   UnhideWhenUsed=\"false\" Name=\"Colorful Grid\"/>\n  <w:LsdException Locked=\"false\" Priority=\"60\" SemiHidden=\"false\"\n   UnhideWhenUsed=\"false\" Name=\"Light Shading Accent 1\"/>\n  <w:LsdException Locked=\"false\" Priority=\"61\" SemiHidden=\"false\"\n   UnhideWhenUsed=\"false\" Name=\"Light List Accent 1\"/>\n  <w:LsdException Locked=\"false\" Priority=\"62\" SemiHidden=\"false\"\n   UnhideWhenUsed=\"false\" Name=\"Light Grid Accent 1\"/>\n  <w:LsdException Locked=\"false\" Priority=\"63\" SemiHidden=\"false\"\n   UnhideWhenUsed=\"false\" Name=\"Medium Shading 1 Accent 1\"/>\n  <w:LsdException Locked=\"false\" Priority=\"64\" SemiHidden=\"false\"\n   UnhideWhenUsed=\"false\" Name=\"Medium Shading 2 Accent 1\"/>\n  <w:LsdException Locked=\"false\" Priority=\"65\" SemiHidden=\"false\"\n   UnhideWhenUsed=\"false\" Name=\"Medium List 1 Accent 1\"/>\n  <w:LsdException Locked=\"false\" UnhideWhenUsed=\"false\" Name=\"Revision\"/>\n  <w:LsdException Locked=\"false\" Priority=\"34\" SemiHidden=\"false\"\n   UnhideWhenUsed=\"false\" QFormat=\"true\" Name=\"List Paragraph\"/>\n  <w:LsdException Locked=\"false\" Priority=\"29\" SemiHidden=\"false\"\n   UnhideWhenUsed=\"false\" QFormat=\"true\" Name=\"Quote\"/>\n  <w:LsdException Locked=\"false\" Priority=\"30\" SemiHidden=\"false\"\n   UnhideWhenUsed=\"false\" QFormat=\"true\" Name=\"Intense Quote\"/>\n  <w:LsdException Locked=\"false\" Priority=\"66\" SemiHidden=\"false\"\n   UnhideWhenUsed=\"false\" Name=\"Medium List 2 Accent 1\"/>\n  <w:LsdException Locked=\"false\" Priority=\"67\" SemiHidden=\"false\"\n   UnhideWhenUsed=\"false\" Name=\"Medium Grid 1 Accent 1\"/>\n  <w:LsdException Locked=\"false\" Priority=\"68\" SemiHidden=\"false\"\n   UnhideWhenUsed=\"false\" Name=\"Medium Grid 2 Accent 1\"/>\n  <w:LsdException Locked=\"false\" Priority=\"69\" SemiHidden=\"false\"\n   UnhideWhenUsed=\"false\" Name=\"Medium Grid 3 Accent 1\"/>\n  <w:LsdException Locked=\"false\" Priority=\"70\" SemiHidden=\"false\"\n   UnhideWhenUsed=\"false\" Name=\"Dark List Accent 1\"/>\n  <w:LsdException Locked=\"false\" Priority=\"71\" SemiHidden=\"false\"\n   UnhideWhenUsed=\"false\" Name=\"Colorful Shading Accent 1\"/>\n  <w:LsdException Locked=\"false\" Priority=\"72\" SemiHidden=\"false\"\n   UnhideWhenUsed=\"false\" Name=\"Colorful List Accent 1\"/>\n  <w:LsdException Locked=\"false\" Priority=\"73\" SemiHidden=\"false\"\n   UnhideWhenUsed=\"false\" Name=\"Colorful Grid Accent 1\"/>\n  <w:LsdException Locked=\"false\" Priority=\"60\" SemiHidden=\"false\"\n   UnhideWhenUsed=\"false\" Name=\"Light Shading Accent 2\"/>\n  <w:LsdException Locked=\"false\" Priority=\"61\" SemiHidden=\"false\"\n   UnhideWhenUsed=\"false\" Name=\"Light List Accent 2\"/>\n  <w:LsdException Locked=\"false\" Priority=\"62\" SemiHidden=\"false\"\n   UnhideWhenUsed=\"false\" Name=\"Light Grid Accent 2\"/>\n  <w:LsdException Locked=\"false\" Priority=\"63\" SemiHidden=\"false\"\n   UnhideWhenUsed=\"false\" Name=\"Medium Shading 1 Accent 2\"/>\n  <w:LsdException Locked=\"false\" Priority=\"64\" SemiHidden=\"false\"\n   UnhideWhenUsed=\"false\" Name=\"Medium Shading 2 Accent 2\"/>\n  <w:LsdException Locked=\"false\" Priority=\"65\" SemiHidden=\"false\"\n   UnhideWhenUsed=\"false\" Name=\"Medium List 1 Accent 2\"/>\n  <w:LsdException Locked=\"false\" Priority=\"66\" SemiHidden=\"false\"\n   UnhideWhenUsed=\"false\" Name=\"Medium List 2 Accent 2\"/>\n  <w:LsdException Locked=\"false\" Priority=\"67\" SemiHidden=\"false\"\n   UnhideWhenUsed=\"false\" Name=\"Medium Grid 1 Accent 2\"/>\n  <w:LsdException Locked=\"false\" Priority=\"68\" SemiHidden=\"false\"\n   UnhideWhenUsed=\"false\" Name=\"Medium Grid 2 Accent 2\"/>\n  <w:LsdException Locked=\"false\" Priority=\"69\" SemiHidden=\"false\"\n   UnhideWhenUsed=\"false\" Name=\"Medium Grid 3 Accent 2\"/>\n  <w:LsdException Locked=\"false\" Priority=\"70\" SemiHidden=\"false\"\n   UnhideWhenUsed=\"false\" Name=\"Dark List Accent 2\"/>\n  <w:LsdException Locked=\"false\" Priority=\"71\" SemiHidden=\"false\"\n   UnhideWhenUsed=\"false\" Name=\"Colorful Shading Accent 2\"/>\n  <w:LsdException Locked=\"false\" Priority=\"72\" SemiHidden=\"false\"\n   UnhideWhenUsed=\"false\" Name=\"Colorful List Accent 2\"/>\n  <w:LsdException Locked=\"false\" Priority=\"73\" SemiHidden=\"false\"\n   UnhideWhenUsed=\"false\" Name=\"Colorful Grid Accent 2\"/>\n  <w:LsdException Locked=\"false\" Priority=\"60\" SemiHidden=\"false\"\n   UnhideWhenUsed=\"false\" Name=\"Light Shading Accent 3\"/>\n  <w:LsdException Locked=\"false\" Priority=\"61\" SemiHidden=\"false\"\n   UnhideWhenUsed=\"false\" Name=\"Light List Accent 3\"/>\n  <w:LsdException Locked=\"false\" Priority=\"62\" SemiHidden=\"false\"\n   UnhideWhenUsed=\"false\" Name=\"Light Grid Accent 3\"/>\n  <w:LsdException Locked=\"false\" Priority=\"63\" SemiHidden=\"false\"\n   UnhideWhenUsed=\"false\" Name=\"Medium Shading 1 Accent 3\"/>\n  <w:LsdException Locked=\"false\" Priority=\"64\" SemiHidden=\"false\"\n   UnhideWhenUsed=\"false\" Name=\"Medium Shading 2 Accent 3\"/>\n  <w:LsdException Locked=\"false\" Priority=\"65\" SemiHidden=\"false\"\n   UnhideWhenUsed=\"false\" Name=\"Medium List 1 Accent 3\"/>\n  <w:LsdException Locked=\"false\" Priority=\"66\" SemiHidden=\"false\"\n   UnhideWhenUsed=\"false\" Name=\"Medium List 2 Accent 3\"/>\n  <w:LsdException Locked=\"false\" Priority=\"67\" SemiHidden=\"false\"\n   UnhideWhenUsed=\"false\" Name=\"Medium Grid 1 Accent 3\"/>\n  <w:LsdException Locked=\"false\" Priority=\"68\" SemiHidden=\"false\"\n   UnhideWhenUsed=\"false\" Name=\"Medium Grid 2 Accent 3\"/>\n  <w:LsdException Locked=\"false\" Priority=\"69\" SemiHidden=\"false\"\n   UnhideWhenUsed=\"false\" Name=\"Medium Grid 3 Accent 3\"/>\n  <w:LsdException Locked=\"false\" Priority=\"70\" SemiHidden=\"false\"\n   UnhideWhenUsed=\"false\" Name=\"Dark List Accent 3\"/>\n  <w:LsdException Locked=\"false\" Priority=\"71\" SemiHidden=\"false\"\n   UnhideWhenUsed=\"false\" Name=\"Colorful Shading Accent 3\"/>\n  <w:LsdException Locked=\"false\" Priority=\"72\" SemiHidden=\"false\"\n   UnhideWhenUsed=\"false\" Name=\"Colorful List Accent 3\"/>\n  <w:LsdException Locked=\"false\" Priority=\"73\" SemiHidden=\"false\"\n   UnhideWhenUsed=\"false\" Name=\"Colorful Grid Accent 3\"/>\n  <w:LsdException Locked=\"false\" Priority=\"60\" SemiHidden=\"false\"\n   UnhideWhenUsed=\"false\" Name=\"Light Shading Accent 4\"/>\n  <w:LsdException Locked=\"false\" Priority=\"61\" SemiHidden=\"false\"\n   UnhideWhenUsed=\"false\" Name=\"Light List Accent 4\"/>\n  <w:LsdException Locked=\"false\" Priority=\"62\" SemiHidden=\"false\"\n   UnhideWhenUsed=\"false\" Name=\"Light Grid Accent 4\"/>\n  <w:LsdException Locked=\"false\" Priority=\"63\" SemiHidden=\"false\"\n   UnhideWhenUsed=\"false\" Name=\"Medium Shading 1 Accent 4\"/>\n  <w:LsdException Locked=\"false\" Priority=\"64\" SemiHidden=\"false\"\n   UnhideWhenUsed=\"false\" Name=\"Medium Shading 2 Accent 4\"/>\n  <w:LsdException Locked=\"false\" Priority=\"65\" SemiHidden=\"false\"\n   UnhideWhenUsed=\"false\" Name=\"Medium List 1 Accent 4\"/>\n  <w:LsdException Locked=\"false\" Priority=\"66\" SemiHidden=\"false\"\n   UnhideWhenUsed=\"false\" Name=\"Medium List 2 Accent 4\"/>\n  <w:LsdException Locked=\"false\" Priority=\"67\" SemiHidden=\"false\"\n   UnhideWhenUsed=\"false\" Name=\"Medium Grid 1 Accent 4\"/>\n  <w:LsdException Locked=\"false\" Priority=\"68\" SemiHidden=\"false\"\n   UnhideWhenUsed=\"false\" Name=\"Medium Grid 2 Accent 4\"/>\n  <w:LsdException Locked=\"false\" Priority=\"69\" SemiHidden=\"false\"\n   UnhideWhenUsed=\"false\" Name=\"Medium Grid 3 Accent 4\"/>\n  <w:LsdException Locked=\"false\" Priority=\"70\" SemiHidden=\"false\"\n   UnhideWhenUsed=\"false\" Name=\"Dark List Accent 4\"/>\n  <w:LsdException Locked=\"false\" Priority=\"71\" SemiHidden=\"false\"\n   UnhideWhenUsed=\"false\" Name=\"Colorful Shading Accent 4\"/>\n  <w:LsdException Locked=\"false\" Priority=\"72\" SemiHidden=\"false\"\n   UnhideWhenUsed=\"false\" Name=\"Colorful List Accent 4\"/>\n  <w:LsdException Locked=\"false\" Priority=\"73\" SemiHidden=\"false\"\n   UnhideWhenUsed=\"false\" Name=\"Colorful Grid Accent 4\"/>\n  <w:LsdException Locked=\"false\" Priority=\"60\" SemiHidden=\"false\"\n   UnhideWhenUsed=\"false\" Name=\"Light Shading Accent 5\"/>\n  <w:LsdException Locked=\"false\" Priority=\"61\" SemiHidden=\"false\"\n   UnhideWhenUsed=\"false\" Name=\"Light List Accent 5\"/>\n  <w:LsdException Locked=\"false\" Priority=\"62\" SemiHidden=\"false\"\n   UnhideWhenUsed=\"false\" Name=\"Light Grid Accent 5\"/>\n  <w:LsdException Locked=\"false\" Priority=\"63\" SemiHidden=\"false\"\n   UnhideWhenUsed=\"false\" Name=\"Medium Shading 1 Accent 5\"/>\n  <w:LsdException Locked=\"false\" Priority=\"64\" SemiHidden=\"false\"\n   UnhideWhenUsed=\"false\" Name=\"Medium Shading 2 Accent 5\"/>\n  <w:LsdException Locked=\"false\" Priority=\"65\" SemiHidden=\"false\"\n   UnhideWhenUsed=\"false\" Name=\"Medium List 1 Accent 5\"/>\n  <w:LsdException Locked=\"false\" Priority=\"66\" SemiHidden=\"false\"\n   UnhideWhenUsed=\"false\" Name=\"Medium List 2 Accent 5\"/>\n  <w:LsdException Locked=\"false\" Priority=\"67\" SemiHidden=\"false\"\n   UnhideWhenUsed=\"false\" Name=\"Medium Grid 1 Accent 5\"/>\n  <w:LsdException Locked=\"false\" Priority=\"68\" SemiHidden=\"false\"\n   UnhideWhenUsed=\"false\" Name=\"Medium Grid 2 Accent 5\"/>\n  <w:LsdException Locked=\"false\" Priority=\"69\" SemiHidden=\"false\"\n   UnhideWhenUsed=\"false\" Name=\"Medium Grid 3 Accent 5\"/>\n  <w:LsdException Locked=\"false\" Priority=\"70\" SemiHidden=\"false\"\n   UnhideWhenUsed=\"false\" Name=\"Dark List Accent 5\"/>\n  <w:LsdException Locked=\"false\" Priority=\"71\" SemiHidden=\"false\"\n   UnhideWhenUsed=\"false\" Name=\"Colorful Shading Accent 5\"/>\n  <w:LsdException Locked=\"false\" Priority=\"72\" SemiHidden=\"false\"\n   UnhideWhenUsed=\"false\" Name=\"Colorful List Accent 5\"/>\n  <w:LsdException Locked=\"false\" Priority=\"73\" SemiHidden=\"false\"\n   UnhideWhenUsed=\"false\" Name=\"Colorful Grid Accent 5\"/>\n  <w:LsdException Locked=\"false\" Priority=\"60\" SemiHidden=\"false\"\n   UnhideWhenUsed=\"false\" Name=\"Light Shading Accent 6\"/>\n  <w:LsdException Locked=\"false\" Priority=\"61\" SemiHidden=\"false\"\n   UnhideWhenUsed=\"false\" Name=\"Light List Accent 6\"/>\n  <w:LsdException Locked=\"false\" Priority=\"62\" SemiHidden=\"false\"\n   UnhideWhenUsed=\"false\" Name=\"Light Grid Accent 6\"/>\n  <w:LsdException Locked=\"false\" Priority=\"63\" SemiHidden=\"false\"\n   UnhideWhenUsed=\"false\" Name=\"Medium Shading 1 Accent 6\"/>\n  <w:LsdException Locked=\"false\" Priority=\"64\" SemiHidden=\"false\"\n   UnhideWhenUsed=\"false\" Name=\"Medium Shading 2 Accent 6\"/>\n  <w:LsdException Locked=\"false\" Priority=\"65\" SemiHidden=\"false\"\n   UnhideWhenUsed=\"false\" Name=\"Medium List 1 Accent 6\"/>\n  <w:LsdException Locked=\"false\" Priority=\"66\" SemiHidden=\"false\"\n   UnhideWhenUsed=\"false\" Name=\"Medium List 2 Accent 6\"/>\n  <w:LsdException Locked=\"false\" Priority=\"67\" SemiHidden=\"false\"\n   UnhideWhenUsed=\"false\" Name=\"Medium Grid 1 Accent 6\"/>\n  <w:LsdException Locked=\"false\" Priority=\"68\" SemiHidden=\"false\"\n   UnhideWhenUsed=\"false\" Name=\"Medium Grid 2 Accent 6\"/>\n  <w:LsdException Locked=\"false\" Priority=\"69\" SemiHidden=\"false\"\n   UnhideWhenUsed=\"false\" Name=\"Medium Grid 3 Accent 6\"/>\n  <w:LsdException Locked=\"false\" Priority=\"70\" SemiHidden=\"false\"\n   UnhideWhenUsed=\"false\" Name=\"Dark List Accent 6\"/>\n  <w:LsdException Locked=\"false\" Priority=\"71\" SemiHidden=\"false\"\n   UnhideWhenUsed=\"false\" Name=\"Colorful Shading Accent 6\"/>\n  <w:LsdException Locked=\"false\" Priority=\"72\" SemiHidden=\"false\"\n   UnhideWhenUsed=\"false\" Name=\"Colorful List Accent 6\"/>\n  <w:LsdException Locked=\"false\" Priority=\"73\" SemiHidden=\"false\"\n   UnhideWhenUsed=\"false\" Name=\"Colorful Grid Accent 6\"/>\n  <w:LsdException Locked=\"false\" Priority=\"19\" SemiHidden=\"false\"\n   UnhideWhenUsed=\"false\" QFormat=\"true\" Name=\"Subtle Emphasis\"/>\n  <w:LsdException Locked=\"false\" Priority=\"21\" SemiHidden=\"false\"\n   UnhideWhenUsed=\"false\" QFormat=\"true\" Name=\"Intense Emphasis\"/>\n  <w:LsdException Locked=\"false\" Priority=\"31\" SemiHidden=\"false\"\n   UnhideWhenUsed=\"false\" QFormat=\"true\" Name=\"Subtle Reference\"/>\n  <w:LsdException Locked=\"false\" Priority=\"32\" SemiHidden=\"false\"\n   UnhideWhenUsed=\"false\" QFormat=\"true\" Name=\"Intense Reference\"/>\n  <w:LsdException Locked=\"false\" Priority=\"33\" SemiHidden=\"false\"\n   UnhideWhenUsed=\"false\" QFormat=\"true\" Name=\"Book Title\"/>\n  <w:LsdException Locked=\"false\" Priority=\"37\" Name=\"Bibliography\"/>\n  <w:LsdException Locked=\"false\" Priority=\"39\" QFormat=\"true\" Name=\"TOC Heading\"/>\n </w:LatentStyles>\n</xml><![endif]--><!-- [if gte mso 10]>\n<style>\n /* Style Definitions */\n table.MsoNormalTable\n	{mso-style-name:\"Table Normal\";\n	mso-tstyle-rowband-size:0;\n	mso-tstyle-colband-size:0;\n	mso-style-noshow:yes;\n	mso-style-priority:99;\n	mso-style-parent:\"\";\n	mso-padding-alt:0cm 5.4pt 0cm 5.4pt;\n	mso-para-margin-top:0cm;\n	mso-para-margin-right:0cm;\n	mso-para-margin-bottom:10.0pt;\n	mso-para-margin-left:0cm;\n	line-height:115%;\n	mso-pagination:widow-orphan;\n	font-size:10.0pt;\n	font-family:\"Arial\",\"sans-serif\";\n	color:#666666;\n	mso-ansi-language:EN-US;\n	mso-fareast-language:EN-US;}\n</style>\n<![endif]--><span lang=\"EN-US\" style=\"font-size: 12.0pt; line-height: 115%; font-family: \'Arial\',\'sans-serif\'; mso-fareast-font-family: Calibri; mso-fareast-theme-font: minor-latin; color: windowtext; mso-ansi-language: EN-US; mso-fareast-language: EN-US; mso-bidi-language: AR-SA;\">Nilai X yang memenuhi persamaan <math xmlns=\"http://www.w3.org/1998/Math/MathML\"><mi>X</mi><mi>&#160;</mi><mo>-</mo><mi>&#160;</mi><mn>16</mn><mi>&#160;</mi><mo>=</mo><mi>&#160;</mi><mn>7</mn><mi>&#160;</mi><mi>X</mi><mi>&#160;</mi><mo>-</mo><mi>&#160;</mi><mi>&#160;</mi><mfrac><mn>3</mn><mn>5</mn></mfrac></math><br /></span></p>','<p>jawaban a</p>','<p>jawaban b</p>','<p>jawaban c</p>','<p>jawaban d</p>','<p>jawaban e</p>','a','<p>belum ada pembahasan</p>',0,NULL,NULL,'2015-05-07 20:38:13','2015-05-07 13:38:13'),(13,22,4,'<p><img src=\"../../media/20150507__gambar.png\" alt=\"\" width=\"550\" height=\"291\" /></p>','<p>l</p>','<p>k</p>','<p>j</p>','<p>g</p>','<p>g</p>','b','<p>i</p>',1,NULL,NULL,'2015-05-07 20:42:53','2015-05-07 13:57:13'),(14,22,6,'<p>1. nvnsejai kfei mackjeai</p>','<p>jdfjasj kasfkeoa</p>','<p>dddd</p>','<p>123</p>','<p>321</p>','<p>66yt</p>','b','<p>efe vse fa3c3</p>',0,NULL,NULL,'2015-05-07 21:13:03','2015-05-07 14:18:11'),(15,22,6,'<p>2. Test</p>','<p>ldldld</p>','<p>0987</p>','<p>qwer</p>','<p>mnbv</p>','<p>4567</p>','c','<p>hdnk 4758 ncnfh</p>',0,NULL,NULL,'2015-05-07 21:15:48','2015-05-07 14:19:07');
/*!40000 ALTER TABLE `tbl_quiz` ENABLE KEYS */;
UNLOCK TABLES;

--
-- Table structure for table `tbl_quiz_custom`
--

DROP TABLE IF EXISTS `tbl_quiz_custom`;
/*!40101 SET @saved_cs_client     = @@character_set_client */;
/*!40101 SET character_set_client = utf8 */;
CREATE TABLE `tbl_quiz_custom` (
  `quiz_custom_id` int(255) NOT NULL AUTO_INCREMENT,
  `quiz_custom_correct` text,
  `quiz_custom_wrong` text,
  `quiz_custom_status` int(11) NOT NULL DEFAULT '0',
  `deleted` int(1) NOT NULL DEFAULT '0',
  `created_by` int(255) DEFAULT NULL,
  `modified_by` int(255) DEFAULT NULL,
  `created_on` datetime DEFAULT NULL,
  `modified_on` timestamp NOT NULL DEFAULT CURRENT_TIMESTAMP ON UPDATE CURRENT_TIMESTAMP,
  PRIMARY KEY (`quiz_custom_id`)
) ENGINE=InnoDB AUTO_INCREMENT=2 DEFAULT CHARSET=latin1;
/*!40101 SET character_set_client = @saved_cs_client */;

--
-- Dumping data for table `tbl_quiz_custom`
--

LOCK TABLES `tbl_quiz_custom` WRITE;
/*!40000 ALTER TABLE `tbl_quiz_custom` DISABLE KEYS */;
INSERT INTO `tbl_quiz_custom` VALUES (1,'<p>a</p>','<p>b</p>',0,1,NULL,NULL,'2015-03-02 19:51:15','2015-03-02 12:51:56');
/*!40000 ALTER TABLE `tbl_quiz_custom` ENABLE KEYS */;
UNLOCK TABLES;

--
-- Table structure for table `tbl_school`
--

DROP TABLE IF EXISTS `tbl_school`;
/*!40101 SET @saved_cs_client     = @@character_set_client */;
/*!40101 SET character_set_client = utf8 */;
CREATE TABLE `tbl_school` (
  `school_id` int(255) NOT NULL AUTO_INCREMENT,
  `school_name` varchar(255) NOT NULL,
  `school_city` int(11) NOT NULL,
  `school_province` int(11) NOT NULL,
  `school_address` text NOT NULL,
  `school_head_name` varchar(100) DEFAULT NULL,
  `school_head_phone` varchar(30) DEFAULT NULL,
  `school_head_email` varchar(50) DEFAULT NULL,
  `deleted` int(1) NOT NULL DEFAULT '0',
  `created_by` int(255) DEFAULT NULL,
  `modified_by` int(255) DEFAULT NULL,
  `created_on` datetime DEFAULT NULL,
  `modified_on` timestamp NOT NULL DEFAULT CURRENT_TIMESTAMP ON UPDATE CURRENT_TIMESTAMP,
  PRIMARY KEY (`school_id`)
) ENGINE=InnoDB AUTO_INCREMENT=22 DEFAULT CHARSET=latin1;
/*!40101 SET character_set_client = @saved_cs_client */;

--
-- Dumping data for table `tbl_school`
--

LOCK TABLES `tbl_school` WRITE;
/*!40000 ALTER TABLE `tbl_school` DISABLE KEYS */;
INSERT INTO `tbl_school` VALUES (1,'SMAN 8',22,9,'Jln. Solontongan No. 12\nBuah Batu','Drs. Tatang Murtana','08161234321','tatang.murtana@gmail.com',0,NULL,NULL,'2015-03-08 10:50:20','2015-03-12 03:09:30'),(8,'SMA Negeri 1',108,9,'Jln. Kali Baris No. 4','Bardi Buras','0816123987','bardi.buras@gmail.com',0,NULL,NULL,'2015-03-11 22:51:31','2015-03-11 15:51:31'),(9,'SMA Negeri 24',153,6,'Pondok Labu','Ani Maya Ayu','0816334452','ani.maya@gmail.com',0,NULL,NULL,'2015-03-15 20:43:05','2015-03-28 10:59:42'),(10,'SMA Negeri 70',153,6,'Jln. Bulungan\nBlok M','Amiruddin Yahya','0811223144','amir.yahya@gmail.com',0,NULL,NULL,'2015-03-15 20:52:25','2015-03-15 13:52:25'),(11,'SMPN 29',153,6,'Jln. Bumi No. 23\nMajestik','Amir susanto','08152233112','amir.susanto@gmail.com',0,NULL,NULL,'2015-03-26 20:17:44','2015-03-26 13:17:41'),(12,'SMPN 19',153,6,'Jln Bungalow 121','Nuri Nurani','08213388765','nuri.nurani@yahoo.com',0,NULL,NULL,'2015-03-26 20:19:29','2015-03-26 13:19:27'),(13,'SMPN 13',23,9,'Jln. Mutiara No. 23\nBuah Batu','Titi Nurhatini','081390865421','titi.nurhatini@gmail.com',0,NULL,NULL,'2015-03-26 20:21:19','2015-03-26 13:21:17'),(14,'SMAN 3',350,26,'Jln. Ayam Pejantan 31\nKarang Bawah','Muaimin Sejuk','0818221342','muaimin.sejuk@gmail.com',0,NULL,NULL,'2015-03-26 20:23:27','2015-03-26 13:23:24'),(15,'SMAN 5',23,9,'Jln Aceh No. 5','Utjup Serutjup','08223456127','utjup.serutjup@gmail.com',0,NULL,NULL,'2015-03-26 20:25:22','2015-03-26 13:25:19'),(16,'SMPN 77',108,9,'Jln. Nyiur Melambai No. 44','Ali Murtasam','08902345678','ali.mur@yahoo.com',0,NULL,NULL,'2015-03-26 20:27:29','2015-03-26 13:27:27'),(17,'SMPN 4',114,1,'Jl. Binguan No. 13','I Gde Amat','08192132432','igde.amat@gmail.com',0,NULL,NULL,'2015-03-26 20:29:20','2015-03-26 13:29:18'),(18,'SMAN 6',153,6,'Jln. Bulungan No. 1','Muhari Ringan','0811541234','muhari.ringan@gmail.com',0,NULL,NULL,'2015-04-12 15:35:54','2015-04-12 08:35:54'),(19,'SMAN 3',23,9,'Jln. Riau Hijau No. 5','Riau Rimbun','082291827364','riau.rimbun@gmail.com',0,NULL,NULL,'2015-04-12 15:39:03','2015-04-12 08:39:03'),(20,'SMPN 19',114,1,'Jln. Bingungan No.2','Ida Bingung Lah','08114184763','ida.bingung@gmail.com',0,NULL,NULL,'2015-04-12 15:41:01','2015-04-12 08:41:01'),(21,'SMPN 3',444,11,'Jln. Blimbingan Raya No. 12','Bambang Saja','0815112233','bambang.saja@gmail.com',0,NULL,NULL,'2015-04-23 20:11:29','2015-04-23 13:11:29');
/*!40000 ALTER TABLE `tbl_school` ENABLE KEYS */;
UNLOCK TABLES;

--
-- Table structure for table `tbl_school_grade`
--

DROP TABLE IF EXISTS `tbl_school_grade`;
/*!40101 SET @saved_cs_client     = @@character_set_client */;
/*!40101 SET character_set_client = utf8 */;
CREATE TABLE `tbl_school_grade` (
  `school_grade_id` int(255) NOT NULL AUTO_INCREMENT,
  `school_grade_name` varchar(255) NOT NULL,
  `deleted` int(1) NOT NULL DEFAULT '0',
  `created_by` int(255) DEFAULT NULL,
  `modified_by` int(255) DEFAULT NULL,
  `created_on` datetime DEFAULT NULL,
  `modified_on` timestamp NOT NULL DEFAULT CURRENT_TIMESTAMP ON UPDATE CURRENT_TIMESTAMP,
  PRIMARY KEY (`school_grade_id`)
) ENGINE=InnoDB AUTO_INCREMENT=18 DEFAULT CHARSET=latin1;
/*!40101 SET character_set_client = @saved_cs_client */;

--
-- Dumping data for table `tbl_school_grade`
--

LOCK TABLES `tbl_school_grade` WRITE;
/*!40000 ALTER TABLE `tbl_school_grade` DISABLE KEYS */;
INSERT INTO `tbl_school_grade` VALUES (1,'SLTP',1,NULL,NULL,'2015-02-07 22:33:12','2015-03-28 11:23:58'),(2,'SLTA IPA/MIA',1,NULL,NULL,'2015-02-07 22:33:35','2015-03-28 11:23:35'),(3,'SLTA IPS/IIS',1,NULL,NULL,'2015-02-07 22:33:45','2015-03-28 11:23:45'),(6,'Persiapan Masuk PTN IPA/MIA',1,NULL,NULL,'2015-03-11 22:20:41','2015-04-12 08:49:23'),(7,'Persiapan Masuk PTN IPS/IIS',1,NULL,NULL,'2015-03-11 22:22:12','2015-04-12 08:49:28'),(8,'SLTA IPA/MIA Kelas 10',0,NULL,NULL,'2015-03-15 21:27:38','2015-03-15 14:27:38'),(9,'SLTA IPA/MIA Kelas 11',0,NULL,NULL,'2015-03-15 21:28:33','2015-03-15 14:28:33'),(10,'SLTA IPA/MIA Kelas 12',0,NULL,NULL,'2015-03-15 21:28:48','2015-03-15 14:28:48'),(11,'SLTA IPS/IIS Kelas 10',0,NULL,NULL,'2015-03-26 20:39:17','2015-03-26 13:39:15'),(12,'SLTA IPS/IIS Kelas 11',0,NULL,NULL,'2015-03-26 20:39:46','2015-03-26 13:39:44'),(13,'SLTA IPS/IIS Kelas 12',0,NULL,NULL,'2015-03-26 20:40:08','2015-03-26 13:40:06'),(14,'SLTP Kelas 7',0,NULL,NULL,'2015-03-26 20:40:45','2015-03-26 13:40:42'),(15,'SLTP Kelas 8',0,NULL,NULL,'2015-03-26 20:40:55','2015-03-26 13:40:53'),(16,'SLTP Kelas 9',0,NULL,NULL,'2015-03-26 20:41:11','2015-03-26 13:41:09'),(17,'SD',1,NULL,NULL,'2015-04-12 06:28:28','2015-04-12 08:49:10');
/*!40000 ALTER TABLE `tbl_school_grade` ENABLE KEYS */;
UNLOCK TABLES;

--
-- Table structure for table `tbl_score`
--

DROP TABLE IF EXISTS `tbl_score`;
/*!40101 SET @saved_cs_client     = @@character_set_client */;
/*!40101 SET character_set_client = utf8 */;
CREATE TABLE `tbl_score` (
  `score_id` int(255) NOT NULL AUTO_INCREMENT,
  `score_quiz_id` int(255) NOT NULL,
  `score_quiz_key` varchar(32) DEFAULT NULL,
  `score_user` int(255) NOT NULL,
  `score_value` int(225) NOT NULL DEFAULT '0',
  `score_correct` int(11) NOT NULL DEFAULT '0',
  `score_wrong` int(11) NOT NULL DEFAULT '0',
  `score_date` datetime DEFAULT NULL,
  `deleted` int(1) NOT NULL DEFAULT '0',
  `created_by` int(255) DEFAULT NULL,
  `modified_by` int(255) DEFAULT NULL,
  `created_on` datetime DEFAULT NULL,
  `modified_on` timestamp NOT NULL DEFAULT CURRENT_TIMESTAMP ON UPDATE CURRENT_TIMESTAMP,
  PRIMARY KEY (`score_id`)
) ENGINE=InnoDB AUTO_INCREMENT=13 DEFAULT CHARSET=latin1;
/*!40101 SET character_set_client = @saved_cs_client */;

--
-- Dumping data for table `tbl_score`
--

LOCK TABLES `tbl_score` WRITE;
/*!40000 ALTER TABLE `tbl_score` DISABLE KEYS */;
INSERT INTO `tbl_score` VALUES (1,10,'AdbxXWicDs',1,100,1,3,'2015-04-21 14:14:54',0,NULL,NULL,'2015-04-23 09:33:20','2015-04-23 02:33:20'),(2,11,'KsqiSeGiHR',1,0,0,2,'2015-04-23 09:33:54',0,NULL,NULL,'2015-04-23 09:34:15','2015-04-23 02:34:15'),(3,10,'yNHxYcc5EF',4,100,1,3,'2015-04-23 13:05:09',0,NULL,NULL,'2015-04-23 13:06:16','2015-04-23 06:06:16'),(4,10,'m9Fmp7LPzB',1,100,1,3,'2015-04-23 13:42:21',0,NULL,NULL,'2015-04-23 13:42:38','2015-04-23 06:42:38'),(5,10,'MzsXoJMPFd',5,25,1,3,'2015-04-25 10:33:38',0,NULL,NULL,'2015-04-25 10:33:50','2015-04-25 03:33:50'),(6,12,'CdJuHSoLnF',5,100,1,0,'2015-04-25 10:34:06',0,NULL,NULL,'2015-04-25 10:34:14','2015-04-25 03:34:14'),(7,10,'wbnEyslkxt',7,50,2,2,'2015-04-25 10:35:13',0,NULL,NULL,'2015-04-25 10:35:24','2015-04-25 03:35:24'),(8,11,'UlZ15JUam7',1,0,0,2,'2015-04-28 15:42:21',0,NULL,NULL,'2015-04-28 15:42:25','2015-04-28 08:42:25'),(9,10,'jG6NiyrT9O',4,25,1,3,'2015-04-23 13:02:51',0,NULL,NULL,'2015-05-03 16:20:53','2015-05-03 09:20:53'),(10,13,'JdaJQV0HGB',1,0,0,3,'2015-05-07 14:37:37',0,NULL,NULL,'2015-05-07 14:37:44','2015-05-07 07:37:44'),(11,16,'WCJu20ymUC',1,33,1,2,'2015-05-09 10:59:13',0,NULL,NULL,'2015-05-09 11:03:23','2015-05-09 04:03:23'),(12,10,'78Bh61B8c3',1,50,1,1,'2015-05-09 11:03:49',0,NULL,NULL,'2015-05-09 11:04:05','2015-05-09 04:04:05');
/*!40000 ALTER TABLE `tbl_score` ENABLE KEYS */;
UNLOCK TABLES;

--
-- Table structure for table `tbl_subject`
--

DROP TABLE IF EXISTS `tbl_subject`;
/*!40101 SET @saved_cs_client     = @@character_set_client */;
/*!40101 SET character_set_client = utf8 */;
CREATE TABLE `tbl_subject` (
  `subject_id` int(255) NOT NULL AUTO_INCREMENT,
  `subject_lesson_id` int(11) NOT NULL,
  `subject_name` varchar(255) NOT NULL,
  `subject_description` text,
  `subject_category` varchar(30) DEFAULT NULL,
  `subject_material` varchar(100) DEFAULT NULL,
  `subject_image` varchar(100) NOT NULL DEFAULT 'default.jpg',
  `subject_section_no` varchar(10) DEFAULT NULL,
  `subject_section_name` varchar(100) DEFAULT NULL,
  `subject_subsection_no` varchar(10) DEFAULT NULL,
  `subject_subsection_name` varchar(100) DEFAULT NULL,
  `subject_code` varchar(100) DEFAULT NULL,
  `deleted` int(1) NOT NULL DEFAULT '0',
  `created_by` int(255) DEFAULT NULL,
  `modified_by` int(255) DEFAULT NULL,
  `created_on` datetime DEFAULT NULL,
  `modified_on` timestamp NOT NULL DEFAULT CURRENT_TIMESTAMP ON UPDATE CURRENT_TIMESTAMP,
  PRIMARY KEY (`subject_id`)
) ENGINE=InnoDB AUTO_INCREMENT=32 DEFAULT CHARSET=latin1;
/*!40101 SET character_set_client = @saved_cs_client */;

--
-- Dumping data for table `tbl_subject`
--

LOCK TABLES `tbl_subject` WRITE;
/*!40000 ALTER TABLE `tbl_subject` DISABLE KEYS */;
INSERT INTO `tbl_subject` VALUES (10,4,'Aljabar Dasar','Aljabar Dasar<br />\nTambah tambahan<br />\nKurang kurangan','Materi','20150423084742.pdf','default.jpg',NULL,NULL,NULL,NULL,NULL,0,NULL,NULL,'2015-02-14 08:54:49','2015-04-23 13:49:41'),(11,2,'Present Tense','','Materi',NULL,'default.jpg',NULL,NULL,NULL,NULL,NULL,0,NULL,NULL,'2015-02-14 08:55:02','2015-03-13 15:52:15'),(12,2,'Simple Past Tense','','Materi',NULL,'default.jpg',NULL,NULL,NULL,NULL,NULL,0,NULL,NULL,'2015-02-14 08:55:16','2015-03-13 15:52:12'),(13,4,'Ilmu Ukur','','Materi',NULL,'default.jpg',NULL,NULL,NULL,NULL,NULL,0,NULL,NULL,'2015-03-08 09:51:55','2015-04-14 13:16:55'),(14,9,'Reaksi Kimia','','Materi','20150313110925.pdf','default.jpg',NULL,NULL,NULL,NULL,NULL,1,NULL,NULL,'2015-03-08 09:52:36','2015-04-23 13:20:36'),(15,2,'Past Tense','','Materi',NULL,'default.jpg',NULL,NULL,NULL,NULL,NULL,0,NULL,NULL,'2015-03-08 09:53:15','2015-03-13 15:52:09'),(16,3,'asdasd','asdasdasd','Materi',NULL,'default.jpg',NULL,NULL,NULL,NULL,NULL,0,NULL,NULL,'2015-03-09 07:42:47','2015-03-13 15:52:02'),(17,12,'tes','asdasdasdasdasdasda','Materi','20150322050950.pdf','default.jpg',NULL,NULL,NULL,NULL,NULL,0,NULL,NULL,'2015-03-13 22:31:00','2015-04-29 13:24:55'),(18,10,'materi baru','jalkdasldkjasldkjasda ','Pembahasan Soal','20150322050605.pdf','default.jpg',NULL,NULL,NULL,NULL,NULL,1,NULL,NULL,'2015-03-22 16:51:07','2015-05-02 23:09:59'),(19,6,'sejarah kemerdekaan','tes','Materi','20150323085158.pdf','default.jpg',NULL,NULL,NULL,NULL,NULL,0,NULL,NULL,'2015-03-23 20:51:59','2015-03-23 13:51:59'),(20,11,'Eksponensial','','Latihan Soal Akhir Materi',NULL,'default.jpg',NULL,NULL,NULL,NULL,NULL,1,NULL,NULL,'2015-04-06 21:09:46','2015-04-14 14:50:00'),(21,4,'tes','aaaaa','Materi','20150414081738.pdf','default.jpg',NULL,NULL,NULL,NULL,NULL,0,NULL,NULL,'2015-04-14 20:17:38','2015-04-14 13:17:38'),(22,17,'Bilangan dan Operasinya','Bab 1 Matematika SLTP','Materi','20150416080805.pdf','default.jpg',NULL,NULL,NULL,NULL,NULL,0,NULL,NULL,'2015-04-16 08:08:05','2015-04-16 01:08:05'),(23,9,'Latihan Bab III2 ','Latihan soal-soal Kimia Bab III-2','Materi','20150423083045.pdf','default.jpg',NULL,NULL,NULL,NULL,NULL,1,NULL,NULL,'2015-04-23 20:30:45','2015-04-23 13:46:11'),(24,3,'Tambah data baru','Data baru SLTP','Materi','20150430083023.pdf','default.jpg',NULL,NULL,NULL,NULL,NULL,1,NULL,NULL,'2015-04-30 20:30:23','2015-04-30 13:30:48'),(25,9,'SKLJ','mnzcdhas iSc s','Latihan Soal Materi','20150430083151.pdf','default.jpg',NULL,NULL,NULL,NULL,NULL,0,NULL,NULL,'2015-04-30 20:31:51','2015-04-30 13:31:51'),(26,1,'SSAD','njaseh cameicandio','Latihan Soal Akhir Materi','20150430083509.pdf','default.jpg',NULL,NULL,NULL,NULL,NULL,0,NULL,NULL,'2015-04-30 20:35:09','2015-04-30 13:35:09'),(27,11,'0','Fikri Test upload materi','Latihan Soal Materi','20150430083833.pdf','default.jpg','sd','dsd','sdsd','dsadasd',NULL,0,NULL,NULL,'2015-04-30 20:38:33','2015-06-03 03:08:51'),(28,11,'Prostat','fhe ase ajcec','Latihan Soal Akhir Materi','20150430083838.pdf','default.jpg',NULL,NULL,NULL,NULL,NULL,0,NULL,NULL,'2015-04-30 20:38:38','2015-04-30 13:38:38'),(29,17,'Perbandingan','Perbandingan. Sasaran...','Materi','20150507073246.pdf','default.jpg',NULL,NULL,NULL,NULL,NULL,0,NULL,NULL,'2015-05-07 19:32:46','2015-05-07 12:32:46'),(30,12,'0','apa kabar','Materi',NULL,'default.jpg','A','B','C','D','123123',0,NULL,NULL,'2015-06-03 10:11:07','2015-06-03 03:20:07'),(31,22,'0','apa kabar','Materi',NULL,'default.jpg','A','b','c','d','1123',0,NULL,NULL,'2015-06-04 00:57:16','2015-06-03 22:57:16');
/*!40000 ALTER TABLE `tbl_subject` ENABLE KEYS */;
UNLOCK TABLES;

--
-- Table structure for table `tbl_test`
--

DROP TABLE IF EXISTS `tbl_test`;
/*!40101 SET @saved_cs_client     = @@character_set_client */;
/*!40101 SET character_set_client = utf8 */;
CREATE TABLE `tbl_test` (
  `test_id` int(255) NOT NULL AUTO_INCREMENT,
  `test_subject_id` int(255) NOT NULL,
  `test_question` text,
  `test_answer_a` text,
  `test_answer_b` text,
  `test_answer_c` text,
  `test_answer_d` text,
  `test_answer_e` text,
  `test_answer` varchar(1) DEFAULT NULL,
  `test_solution` text,
  `deleted` int(1) NOT NULL DEFAULT '0',
  `created_by` int(255) DEFAULT NULL,
  `modified_by` int(255) DEFAULT NULL,
  `created_on` datetime DEFAULT NULL,
  `modified_on` timestamp NOT NULL DEFAULT CURRENT_TIMESTAMP ON UPDATE CURRENT_TIMESTAMP,
  PRIMARY KEY (`test_id`)
) ENGINE=InnoDB AUTO_INCREMENT=3 DEFAULT CHARSET=latin1;
/*!40101 SET character_set_client = @saved_cs_client */;

--
-- Dumping data for table `tbl_test`
--

LOCK TABLES `tbl_test` WRITE;
/*!40000 ALTER TABLE `tbl_test` DISABLE KEYS */;
INSERT INTO `tbl_test` VALUES (1,11,'Siapakah Presiden R1 Pertama ?','Bj Habibie','Suharto','Sukarno','Megawati','Semua salah','c',NULL,0,NULL,NULL,'2015-02-17 17:36:49','2015-02-17 10:36:49'),(2,11,'Siapakah Presiden RI ke 8 ?','Abraham Samad','Bambang Wijayanto','Jokowi','Fikri Wirawan','Semua Benar','e',NULL,0,NULL,NULL,'2015-02-17 17:38:35','2015-02-17 10:38:35');
/*!40000 ALTER TABLE `tbl_test` ENABLE KEYS */;
UNLOCK TABLES;

--
-- Table structure for table `tbl_user`
--

DROP TABLE IF EXISTS `tbl_user`;
/*!40101 SET @saved_cs_client     = @@character_set_client */;
/*!40101 SET character_set_client = utf8 */;
CREATE TABLE `tbl_user` (
  `user_id` int(11) NOT NULL AUTO_INCREMENT,
  `fullname` varchar(255) DEFAULT NULL,
  `username` varchar(255) NOT NULL,
  `password` varchar(32) NOT NULL,
  `user_level` int(11) NOT NULL DEFAULT '1' COMMENT '1:administrator; 2:siswa, 3:teacher, 4:finance, 5:view;',
  `user_email` varchar(100) NOT NULL,
  `user_address` text,
  `user_city` varchar(100) DEFAULT NULL,
  `user_province` varchar(100) DEFAULT NULL,
  `user_zipcode` varchar(5) DEFAULT NULL,
  `user_school_grade` int(11) NOT NULL DEFAULT '0',
  `user_school` int(11) NOT NULL DEFAULT '0',
  `user_school_province` int(11) NOT NULL DEFAULT '0',
  `user_school_city` int(11) NOT NULL DEFAULT '0',
  `user_phone` varchar(20) DEFAULT NULL,
  `user_mobile` varchar(20) DEFAULT NULL,
  `user_parent_name` varchar(100) DEFAULT NULL,
  `user_parent_mobile` varchar(30) DEFAULT NULL,
  `user_parent_email` varchar(100) DEFAULT NULL,
  `user_uniquecode` varchar(32) DEFAULT NULL,
  `user_resetpwd` int(11) NOT NULL DEFAULT '0',
  `deleted` int(11) NOT NULL DEFAULT '0',
  `created_on` timestamp NOT NULL DEFAULT CURRENT_TIMESTAMP ON UPDATE CURRENT_TIMESTAMP,
  `modified_on` varchar(30) NOT NULL DEFAULT '00',
  `created_by` int(11) NOT NULL DEFAULT '0',
  `modified_by` int(11) NOT NULL DEFAULT '0',
  PRIMARY KEY (`user_id`),
  UNIQUE KEY `username` (`username`)
) ENGINE=InnoDB AUTO_INCREMENT=28 DEFAULT CHARSET=latin1;
/*!40101 SET character_set_client = @saved_cs_client */;

--
-- Dumping data for table `tbl_user`
--

LOCK TABLES `tbl_user` WRITE;
/*!40000 ALTER TABLE `tbl_user` DISABLE KEYS */;
INSERT INTO `tbl_user` VALUES (1,'Administrator','admin','21232f297a57a5a743894a0e4a801fc3',1,'fikri@kotakwarna.co.id','','0','','',0,0,0,0,'34567890','08562193484',NULL,NULL,NULL,'18ca5d0e48f6042fc5d86165f3d69d80',0,0,'2015-04-14 13:37:11','2015-04-14 20:37:11',0,0),(3,'Fikri Wirawan','fikriwirawan@gmail.com','21232f297a57a5a743894a0e4a801fc3',1,'fikriwirawan@gmail.com','jalan jalan','17','1','12312',1,1,0,0,'08562193484','085621934841','pak fikri','123123123123123','ortu@fikri.com','7753cd93176cf8848efd4b0795b1d703',0,0,'2015-04-10 03:03:33','2015-03-16 01:06:31',0,0),(4,'Bob Setiawan','bob','189fd76e6187d21c704b405d3d66d613',1,'bob.setiawan100@gmail.com','','','','',0,0,0,0,'12345678','',NULL,NULL,NULL,'91bcf12259fc04e42837585dff236b34',0,0,'2015-04-25 01:39:30','2015-04-25 08:39:30',0,0),(5,'Kamilo','milo','4bbe97464db8b8665411740d5c2a5e4a',2,'kamilo@kamilo.com','Jalan merdeka 19','22','9','41536',9,1,0,0,'123123123','098345678902','Pak Budi',NULL,NULL,NULL,0,1,'2015-04-29 14:20:33','2015-03-15 18:31:30',0,0),(6,'nikolas saputra','nikolas','21232f297a57a5a743894a0e4a801fc3',3,'niko@gmail.com',NULL,NULL,NULL,NULL,0,0,0,0,NULL,NULL,NULL,NULL,NULL,NULL,0,0,'2015-03-06 12:29:11','00',0,0),(7,'siswa','siswa','bcd724d15cde8c47650fda962968f102',2,'siswa@gmail.com','Jln. Asem Baris No. 23','108','9','12432',9,9,0,0,'234567890','0819321789','Guru Muda',NULL,NULL,NULL,0,1,'2015-04-29 14:20:30','2015-03-11 22:54:14',0,0),(8,'Amir Satya','alihalih','55641fa03e6cece174ed0e829d862a6e',1,'amir.satya@gmail.com','Karang Indah Raya\nBlok 6 No 12','135','5','12345',0,0,0,0,'021-7556677','0812345123','Lingsia Putra',NULL,NULL,NULL,0,0,'2015-03-11 15:37:23','2015-03-11 22:37:23',0,0),(9,'Fauzan Alrosana','fauzanalros','eacaf53cb2b533a68baa765faedf7e59',3,'fauzan.alrosana@oneziz.com','Jln. Buah Batu No. 3\nKel. Turangga, Kec. Lengkong','22','9','14321',0,0,0,0,'022-7334455','08135217263',NULL,NULL,NULL,NULL,0,0,'2015-03-08 03:33:42','00',0,0),(10,'Fafa Fifi','Fafi','d71d583721b0c81a0518fa82973ed2f1',5,'fafa.fifi@gmail.com','Jln. Tengah Raya No. 12','78','9','12342',0,1,0,0,'','0813987654','Bimbi Satya',NULL,NULL,NULL,0,1,'2015-03-28 09:43:29','2015-03-15 18:25:47',0,0),(11,'Kamil Ardaya','kamilardaya@gmail.com','11d462a4a1b14b00580d8020d6f64998',2,'kamilardaya@gmail.com','jalan jawa 46','17','1','12345',9,1,0,0,NULL,'083456789045678','Satya Mahardi',NULL,NULL,NULL,0,1,'2015-04-29 14:20:38','2015-03-15 21:55:49',0,0),(13,'Saya Abdi','saya.abdi@gmail.com','75a26e0df9b41974f23485462892dc1f',2,'saya.abdi@gmail.com','Vila Delima B2 No. 3','153','6','12420',9,1,0,0,NULL,'0813213243','Saha Eta','0819890231','saha.eta@gmail.com',NULL,0,1,'2015-04-29 14:20:40','2015-03-17 21:36:24',0,0),(14,'wirawan','wirawan@gmail.com','827ccb0eea8a706c4c34a16891f84e7b',2,'wirawan@gmail.com','jalan batanghari 12','50','8','73253',1,0,1,1,'1234567890','098765432','bapak','8737','bapak@gmail.com',NULL,0,1,'2015-03-26 13:46:05','00',0,0),(15,'Fafa Fifi','fafa.fifi@gmail.com','0ffe7bf744cd1375ee04f84356b4e6e7',2,'fafa.fifi@gmail.com','Jln Tripang No. 321\nBuah Batu','23','9','14524',9,15,9,23,'022-7307068','081312481284','Orang Tuaku','081323134321','orang.tuaku@gmail.com',NULL,0,1,'2015-04-05 06:31:58','2015-03-26 21:42:24',0,0),(16,'Bobo Lagi','bobo.lagi@gmail.com','54d5c5e5a631613c18ae24f8153e9dd3',2,'bobo.lagi@gmail.com','BKI B21 No. 32\nLebak Bulus','153','6','12431',11,11,6,153,'02273099887','081253445995','Papahku Ganteng','0819882234','papahku.ganteng@gmail.com',NULL,0,1,'2015-03-28 09:40:40','00',0,0),(17,'Ajar Khan','Ajarkan','482020edf9be80cd43d9b953cc06b7a3',3,'ajar.khan@gmail.com','Jln. Juang No. 4, RT05/RW05','444','11','33123',0,0,0,0,'033-3215432','08223456789',NULL,NULL,NULL,NULL,0,0,'2015-03-28 09:49:04','00',0,0),(18,'Abu Muis','abu.muis@gmail.com','6433644062f782000564184710ea8d25',2,'abu.muis@gmail.com','Jln. Lebak Bulus Raya No. 12','153','6','12430',9,9,6,153,'021-7534289','08135431245','Amir Siswanto','08129657834','amir.siswanto@gmail.com',NULL,0,1,'2015-03-30 13:48:37','00',0,0),(19,'Bob Setiawan','bob.setiawan100@gmail.com','e9ff8f39cc0aae3d1d4cb8e108f6091c',2,'bob.setiawan100@gmail.com','Jln. Tripang No. 14, Buah Batu','23','9',NULL,9,0,0,0,NULL,'081253445995','Kami Suka','08125429199','kami.suka@gmail.com',NULL,0,0,'2015-04-03 13:18:01','00',0,0),(20,'Fifi Fafa','fifi.fafa@gmail.com','e3805c8544e9986090cca307811e7032',2,'fifi.fafa@gmail.com','Jln. Bunguran Selatan No. 3','153','6','12321',10,9,6,153,'021-7563455','081312341234','Amir Umar','081298766789','amir.umar@gmail.com',NULL,0,0,'2015-04-07 13:53:28','00',0,0),(21,'Cucu Cici','cucu.cici@gmail.com','58b2def0ff43aa8af3c5464cf1e9704c',2,'cucu.cici@gmail.com','Jln. Gelora Raya No. 12','153','6','12987',16,11,6,153,'021-7562189','0815987654','Us Us','08165671234','us.us@gmail.com',NULL,0,0,'2015-04-07 13:58:25','00',0,0),(22,'Mere Miri','mere.miri@gmail.com','d0f3d32e0ed7fd4a2db601499f2b5a7b',2,'mere.miri@gmail.com','Jln. Mutiara No. 23','23','9','14321',16,13,9,23,'022-7338522','081309876543','Muis Sium','08125675432','muis.sim@gmail.com',NULL,0,0,'2015-04-12 07:52:51','2015-04-12 14:52:51',0,0),(23,'Muis Huis','muis.huis@gmail.com','6aade2b96532a59cbfe38c2791348e60',2,'muis.huis@gmail.com','Jln. Merpati Biru No. 32','23','9','21314',9,15,9,23,'0225631423','081512983476','Kurun Kirin','08139081234','kurun.kirin@gmail.com',NULL,0,0,'2015-04-12 07:52:07','00',0,0),(24,'M. Hisom Aziz','mhisoma','9a78210d4b5861c35932417fa37f0c91',1,'mhisom.aziz@gmail.com','Jln. Cikendi Barat No. 33','151','6','21436',0,0,0,0,'0215342178','081312983746',NULL,NULL,NULL,NULL,0,0,'2015-04-15 15:10:11','00',0,0),(25,'Eri Nara','eri.nara@gmail.com','69207fcd2590888afaf947b5d83e3a2d',2,'eri.nara@gmail.com','Jln. Telaga Biru No.21','444','11','21321',15,0,11,444,'033-7234152','0816123321','Neri Neru','08169086754','neri.neru@gmail.com',NULL,0,0,'2015-04-23 13:09:26','00',0,0),(26,'Eri Aro','eri.aro@gmail.com','97ed8d11e5c6c7a38909068ecf6fe656',2,'eri.aro@gmail.com','Jln. Jambu Merah No. 4','444','11','23125',15,21,11,444,'0337213421','08161234567','Nari Nuri','0815998876','nari.nuri@gmail.com',NULL,0,1,'2015-04-23 14:14:14','2015-04-23 20:18:03',0,0),(27,'Neneng Nining','nengning','bc831252590b55ddcab67206146d4e0d',3,'neneng.nining@gmail.com','Jln. Telaga Baru 43','398','10','22413',0,0,0,0,'0273210987','0819223344',NULL,NULL,NULL,NULL,0,0,'2015-04-23 14:01:26','2015-04-23 21:01:26',0,0);
/*!40000 ALTER TABLE `tbl_user` ENABLE KEYS */;
UNLOCK TABLES;

--
-- Table structure for table `tbl_usergroup`
--

DROP TABLE IF EXISTS `tbl_usergroup`;
/*!40101 SET @saved_cs_client     = @@character_set_client */;
/*!40101 SET character_set_client = utf8 */;
CREATE TABLE `tbl_usergroup` (
  `usergroup_id` int(255) NOT NULL AUTO_INCREMENT,
  `usergroup_name` varchar(255) NOT NULL,
  `deleted` int(1) NOT NULL DEFAULT '0',
  `created_by` int(255) DEFAULT NULL,
  `modified_by` int(255) DEFAULT NULL,
  `created_on` datetime DEFAULT NULL,
  `modified_on` timestamp NOT NULL DEFAULT CURRENT_TIMESTAMP ON UPDATE CURRENT_TIMESTAMP,
  PRIMARY KEY (`usergroup_id`)
) ENGINE=InnoDB AUTO_INCREMENT=10 DEFAULT CHARSET=latin1;
/*!40101 SET character_set_client = @saved_cs_client */;

--
-- Dumping data for table `tbl_usergroup`
--

LOCK TABLES `tbl_usergroup` WRITE;
/*!40000 ALTER TABLE `tbl_usergroup` DISABLE KEYS */;
INSERT INTO `tbl_usergroup` VALUES (1,'Administrator',0,1,NULL,'2015-02-07 22:33:12','2015-02-10 18:32:11'),(2,'Siswa',1,1,NULL,'2015-02-07 22:33:35','2015-03-26 13:45:07'),(3,'Pengajar',0,1,NULL,'2015-02-07 22:33:45','2015-03-07 16:38:03'),(4,'Keuangan',0,1,NULL,'2015-02-07 23:07:38','2015-03-07 16:36:50'),(5,'Tamu / Uji Coba',1,1,NULL,'2015-02-07 23:07:49','2015-03-26 13:45:21'),(6,'Pemasaran',0,NULL,NULL,'2015-03-07 23:34:30','2015-03-07 16:37:16'),(7,'Customer Relation Management (CRM)',0,NULL,NULL,'2015-03-07 23:36:18','2015-04-23 14:02:44'),(8,'Penulis',0,NULL,NULL,'2015-03-28 16:36:28','2015-03-28 09:36:31'),(9,'Penulis & Pengajar',0,NULL,NULL,'2015-03-28 16:38:37','2015-03-28 09:38:40');
/*!40000 ALTER TABLE `tbl_usergroup` ENABLE KEYS */;
UNLOCK TABLES;
/*!40103 SET TIME_ZONE=@OLD_TIME_ZONE */;

/*!40101 SET SQL_MODE=@OLD_SQL_MODE */;
/*!40014 SET FOREIGN_KEY_CHECKS=@OLD_FOREIGN_KEY_CHECKS */;
/*!40014 SET UNIQUE_CHECKS=@OLD_UNIQUE_CHECKS */;
/*!40101 SET CHARACTER_SET_CLIENT=@OLD_CHARACTER_SET_CLIENT */;
/*!40101 SET CHARACTER_SET_RESULTS=@OLD_CHARACTER_SET_RESULTS */;
/*!40101 SET COLLATION_CONNECTION=@OLD_COLLATION_CONNECTION */;
/*!40111 SET SQL_NOTES=@OLD_SQL_NOTES */;

-- Dump completed on 2015-06-04  6:26:05
